id,feat1,feat2,feat7,feat8,feat9,feat10,feat11,feat13,feat14,feat15,feat17,feat18,feat19,feat20,price
1,1512,0,54,0.4,134,3,2,1838,3366,7,11,1,0,1,3
2,614,0,24,0.2,94,4,7,603,1930,13,4,1,0,1,1
3,553,0,23,0.5,119,3,3,1517,2981,7,14,1,0,0,2
4,718,0,21,0.8,88,1,7,830,1754,17,9,1,0,1,1
5,1166,0,43,0.8,80,4,1,603,3993,7,7,1,1,0,3
6,1417,1,56,0.9,114,6,4,1649,590,11,6,1,0,1,0
7,1699,1,21,0.1,156,4,20,1099,1181,16,18,1,1,0,1
8,774,1,8,0.4,136,1,4,1865,2614,7,14,1,1,1,2
9,1299,1,64,0.5,83,6,6,908,1938,19,5,1,0,1,1
10,1454,1,21,0.2,160,4,10,1100,719,14,10,1,1,1,0
11,904,0,35,0.4,168,3,4,507,1360,15,11,1,0,0,0
12,1027,0,64,0.9,103,2,7,1747,3786,17,12,1,0,0,3
13,1661,1,29,0.3,119,2,0,861,591,9,9,1,1,1,0
14,1883,1,30,0.5,95,2,10,791,3724,16,20,1,1,1,3
15,1229,0,14,0.8,191,2,16,1878,1667,17,17,0,0,1,1
16,696,0,51,0.3,197,3,8,907,2630,18,9,0,0,1,1
17,1379,1,63,1,83,1,17,1370,651,9,7,1,1,0,0
18,1731,1,60,0.5,171,4,20,1039,1220,9,20,0,1,0,1
19,687,1,50,0.6,151,4,20,1151,3416,14,8,1,1,0,3
20,1855,0,32,0.6,187,8,18,1161,3933,7,7,1,0,1,3
21,1694,0,53,1,186,6,0,1208,1653,7,6,1,0,0,2
22,1368,0,42,0.2,91,1,20,925,1590,12,14,1,0,0,1
23,1166,0,25,0.8,198,5,4,1203,2488,13,15,1,0,0,2
24,1448,0,26,1,156,3,16,1850,1175,12,6,0,1,0,1
25,1208,0,16,1,175,1,19,1028,2201,17,12,1,0,0,1
26,1012,0,39,0.1,161,4,6,1195,2802,8,10,1,1,0,2
27,914,1,26,0.7,147,4,0,721,1122,12,2,1,1,1,0
28,664,0,28,0.9,106,5,5,1497,2042,17,19,1,1,0,1
29,511,1,34,0.9,125,8,13,1285,3265,14,14,1,0,0,2
30,1944,1,26,0.5,92,4,9,712,2322,19,7,1,0,1,2
31,1166,1,59,0.5,80,1,11,638,3887,8,7,1,0,1,3
32,1802,1,27,0.5,116,5,16,963,1885,10,7,1,1,0,2
33,964,0,22,0.7,86,8,0,1234,2577,17,5,1,1,0,2
34,1784,0,41,0.4,164,6,20,1437,2313,14,11,0,1,0,2
35,1020,0,7,0.7,96,3,18,1613,1142,13,8,1,0,1,1
36,672,0,35,0.1,99,8,17,1267,1403,16,6,1,0,0,0
37,1221,0,35,0.4,152,7,19,1899,2638,19,14,1,1,1,2
38,558,1,49,0.8,142,5,4,1605,392,10,8,1,1,1,0
39,516,0,39,0.4,91,5,7,1401,819,8,10,1,1,1,0
40,972,1,13,0.4,193,5,8,1795,1615,11,13,0,1,0,1
41,660,0,40,0.5,111,2,10,1178,588,6,18,1,1,1,0
42,759,0,39,0.3,162,2,8,1317,968,6,2,1,0,0,0
43,1263,1,5,0.4,146,6,3,1609,1958,9,4,1,1,1,2
44,1395,0,23,0.1,111,3,1,705,2571,11,13,1,0,1,2
45,1090,0,27,0.1,91,4,16,1910,1352,5,11,0,1,0,1
46,965,1,53,1,131,8,19,653,3227,12,8,1,0,0,2
47,1362,1,47,0.5,186,6,4,1042,3629,19,5,0,1,1,3
48,1995,1,26,0.2,129,1,15,1104,1322,15,7,0,1,1,1
49,1806,1,54,0.1,117,1,11,727,3142,13,6,1,0,1,3
50,1862,0,62,1,182,1,2,1046,1017,11,9,1,0,0,1
51,563,0,47,0.3,115,7,12,684,3012,14,15,1,0,0,2
52,598,1,62,0.1,117,8,9,764,3066,11,19,1,1,0,2
53,538,0,2,0.8,177,7,13,662,417,8,9,1,0,1,0
54,523,0,14,0.1,155,8,2,1042,1427,9,9,0,1,0,0
55,796,0,12,0.5,114,1,8,518,1075,7,2,0,1,0,0
56,1788,0,6,0.2,141,6,16,1022,2321,7,20,1,1,0,2
57,576,0,30,0.8,162,8,5,893,2800,11,16,0,1,1,2
58,1272,1,22,0.9,133,6,8,669,2235,19,4,1,0,0,1
59,633,1,49,0.1,139,8,1,1009,3560,11,16,1,1,1,2
60,621,1,54,0.1,151,4,20,910,2801,6,5,1,1,1,2
61,1896,0,7,0.4,141,2,13,794,3684,9,18,1,0,0,3
62,1655,1,4,0.1,105,3,12,1348,673,10,12,1,0,0,0
63,1720,1,19,0.1,137,2,3,646,1222,13,7,0,0,0,1
64,1812,1,42,1,162,7,15,1550,3338,18,11,1,1,1,3
65,1165,1,41,0.2,178,6,12,831,764,19,15,1,0,0,0
66,1591,1,49,0.4,154,6,7,1883,3703,17,20,1,1,0,3
67,1083,1,39,1,173,8,2,542,3248,8,6,1,0,1,2
68,1528,0,37,0.2,156,8,3,564,733,15,14,1,1,0,0
69,1644,0,44,1,137,8,0,791,2360,7,19,1,0,0,2
70,1616,1,52,0.1,100,5,8,1133,657,7,2,1,1,0,0
71,600,0,48,0.8,191,3,7,1465,3393,12,8,1,0,0,2
72,1562,1,7,0.2,190,5,15,1533,2243,12,6,1,0,0,2
73,1063,0,48,1,128,5,4,683,2910,15,9,1,1,1,2
74,717,0,14,0.1,99,8,6,1981,629,16,20,1,0,0,0
75,1589,1,26,0.1,100,8,16,1759,3970,16,18,1,0,1,3
76,827,0,18,0.9,160,2,16,821,1663,14,17,1,1,1,0
77,1526,0,23,0.2,117,7,8,751,2227,18,3,1,1,0,2
78,1918,0,22,0.3,139,1,5,1203,1369,9,6,0,1,1,1
79,1779,1,5,0.8,90,1,3,1717,1246,12,20,0,1,0,1
80,989,1,24,0.6,156,8,17,679,2819,16,5,1,0,1,2
81,1641,0,48,0.7,97,8,7,1994,1695,13,17,1,0,1,2
82,1018,0,16,0.6,153,8,10,1433,3143,17,20,0,1,0,3
83,1603,1,17,0.5,114,2,8,1207,1637,17,11,1,0,1,1
84,1861,1,55,0.5,148,7,8,1877,601,7,4,1,0,0,1
85,879,1,14,0.7,83,6,15,1105,349,16,2,1,0,1,0
86,1034,1,37,0.7,120,7,20,1199,3625,17,12,0,1,1,3
87,1011,0,36,0.2,131,7,18,749,2261,7,16,1,1,1,1
88,1454,1,34,0.7,83,4,3,1033,3419,7,5,1,1,0,3
89,790,0,44,0.1,89,8,8,1437,3424,13,9,1,1,0,3
90,1897,0,21,0.5,192,8,2,1935,273,17,3,1,1,1,0
91,767,0,10,0.5,107,4,12,1995,2317,6,12,1,1,1,2
92,1849,1,15,0.4,144,5,19,1123,3447,14,19,1,0,1,3
93,1864,0,46,0.7,178,1,12,981,2686,11,18,1,1,1,2
94,1485,0,44,0.1,138,4,14,774,3271,14,8,1,1,0,3
95,1991,0,15,0.1,181,1,13,1037,1861,8,17,1,1,1,1
96,1117,1,31,0.2,146,2,7,1627,2003,8,14,0,1,1,2
97,659,0,3,0.1,85,8,6,657,967,10,14,1,0,1,0
98,600,1,6,0.8,199,2,15,1032,3495,17,7,1,1,0,2
99,1130,1,29,0.7,130,1,14,1327,432,6,10,1,1,1,0
100,706,0,31,0.1,108,3,19,938,2419,8,4,1,0,1,1
101,1189,1,8,0.5,198,3,14,932,893,9,13,1,1,0,0
102,507,1,39,0.7,142,1,0,1084,2124,6,12,1,1,0,1
103,878,1,31,0.5,153,4,18,618,3497,9,11,1,1,0,2
104,1496,1,6,0.5,85,3,9,1383,3571,16,11,1,1,1,3
105,1432,1,39,0.3,164,4,18,947,504,14,10,1,1,0,0
106,1053,1,45,0.3,103,1,12,1767,3086,17,5,1,1,1,3
107,1713,0,27,0.9,127,7,3,974,2406,13,20,1,0,1,2
108,994,0,40,0.9,164,2,17,839,3104,17,11,0,0,0,2
109,1043,1,42,0.1,111,3,8,1626,912,16,6,0,1,0,0
110,1924,0,59,0.9,136,6,0,1923,3646,10,16,1,0,1,3
111,1314,0,41,0.1,155,4,12,577,626,10,4,1,1,1,0
112,555,1,17,0.2,163,5,12,1010,343,19,3,0,1,1,0
113,753,1,48,0.1,121,8,20,1316,3484,11,16,1,0,0,3
114,1318,0,11,0.8,188,2,15,1591,1780,12,2,1,0,0,1
115,1996,0,51,0.4,122,4,9,1445,2236,8,12,1,0,1,2
116,1312,0,10,0.6,163,2,9,893,3941,6,13,1,1,1,3
117,1193,1,56,0.4,196,3,17,864,2394,19,14,1,1,0,2
118,614,1,51,0.1,178,7,7,1040,2854,10,12,1,0,1,2
119,808,1,46,0.5,105,8,15,529,1082,15,10,1,0,1,0
120,1371,0,52,0.5,167,4,19,663,3034,13,8,0,0,0,2
121,1876,0,56,0.4,182,3,4,585,3021,12,18,1,0,0,2
122,1231,0,54,0.8,185,3,10,1184,1762,5,6,1,1,0,1
123,936,1,57,0.2,129,2,6,938,2049,12,5,1,1,0,1
124,1617,1,36,0.8,85,1,9,1426,296,5,7,1,0,0,0
125,793,0,38,0.6,176,4,7,1815,3139,6,12,1,1,1,3
126,1578,0,3,0.9,200,1,20,670,3483,17,16,1,0,0,3
127,1087,0,16,0.3,166,3,9,589,690,14,6,1,0,1,0
128,720,1,61,0.6,96,7,8,1733,2799,5,15,1,0,1,3
129,1878,0,56,0.3,139,5,13,559,2711,8,3,1,1,1,2
130,1414,0,27,0.6,137,4,20,1564,312,5,8,0,0,1,0
131,1046,1,58,0.2,100,8,0,1040,3863,17,9,1,1,1,3
132,894,0,50,0.5,199,3,14,1462,3615,13,6,1,0,1,3
133,1974,0,24,0.3,80,7,13,545,861,7,6,1,0,1,0
134,774,1,55,0.9,124,3,18,896,3916,8,12,1,1,0,3
135,1528,1,55,0.8,129,5,6,1762,1282,11,11,1,1,1,1
136,1872,1,44,0.7,134,3,15,1259,1955,9,15,1,0,1,2
137,1296,0,11,0.2,129,7,4,1382,2552,19,10,1,1,1,2
138,1355,0,23,0.2,132,5,16,891,880,19,8,1,1,0,0
139,894,0,54,0.2,130,3,15,541,2829,11,13,1,0,1,2
140,1589,0,46,0.4,84,3,16,940,2373,11,20,1,1,0,2
141,1602,1,38,0.7,114,3,20,788,1037,8,20,1,0,0,0
142,869,0,34,0.1,104,2,4,539,3864,13,11,1,0,0,3
143,880,1,33,0.7,173,2,2,1350,1414,12,7,1,1,0,0
144,674,1,8,0.2,93,3,0,772,589,18,4,1,1,0,0
145,1830,0,7,0.9,191,6,12,1583,2334,8,14,0,1,0,2
146,739,1,58,0.1,88,3,4,1536,475,7,6,1,0,1,0
147,1587,1,50,0.9,148,8,15,874,461,17,4,1,0,1,0
148,1310,1,57,0.9,135,8,9,889,1175,16,8,0,0,0,0
149,1860,1,23,0.6,162,4,16,1506,3918,9,8,0,1,0,3
150,1128,1,53,0.4,84,5,14,1370,2982,14,12,1,1,0,3
151,1725,1,6,0.5,119,2,18,1307,3429,6,4,1,1,0,3
152,1619,1,20,0.9,117,6,9,1180,464,7,16,1,0,1,0
153,1248,0,9,0.4,89,3,8,1686,2454,9,13,1,1,0,2
154,668,0,3,0.1,155,5,13,1203,2746,9,8,1,1,1,2
155,657,0,37,0.7,141,2,1,961,1412,14,18,0,1,0,0
156,511,1,50,0.1,175,3,16,622,1484,9,8,1,0,0,0
157,823,1,60,0.5,148,8,19,1449,905,14,17,1,1,1,0
158,1027,1,18,1,146,7,11,534,1234,7,14,1,0,1,0
159,1741,1,55,0.1,140,5,3,755,2575,13,7,1,1,1,2
160,1266,0,5,0.1,95,6,9,1698,1687,11,18,1,0,0,2
161,1886,0,24,0.4,112,3,1,1958,1179,16,20,1,0,1,1
162,1483,0,54,0.2,176,7,2,758,1851,15,2,1,1,0,1
163,1583,0,14,0.2,148,2,4,1673,2498,13,8,0,0,1,2
164,1640,0,36,0.9,87,8,11,1806,3235,6,10,1,0,1,3
165,503,0,8,0.4,111,3,13,1245,2583,11,12,1,0,0,1
166,1010,1,8,0.9,139,5,3,957,2625,15,12,1,1,0,2
167,1058,0,19,0.4,166,4,14,1247,418,9,16,0,0,1,0
168,1277,0,41,0.3,200,4,3,1090,429,9,14,1,1,1,0
169,1652,1,36,0.7,89,4,5,1264,2338,12,20,0,0,0,2
170,1511,0,21,0.2,114,3,18,1982,3746,10,5,1,0,0,3
171,1702,1,52,0.5,145,2,15,1491,2501,16,4,1,0,0,3
172,612,1,20,0.8,179,8,6,1487,3282,16,18,1,1,1,3
173,1831,0,43,0.9,150,5,5,1381,3834,17,13,1,1,1,3
174,1413,0,39,0.1,185,5,12,1318,3878,19,4,1,0,0,3
175,922,0,35,0.9,188,7,15,1383,1165,19,4,1,1,1,0
176,1289,0,16,0.9,161,6,17,1854,3167,14,20,1,1,0,3
177,868,0,30,0.8,83,4,0,1026,1653,11,17,1,0,0,1
178,1068,0,45,0.6,194,5,1,1499,1754,17,9,1,0,1,1
179,1576,1,5,0.7,139,3,17,789,3904,5,7,1,1,1,3
180,1550,1,32,0.1,126,7,5,1619,1571,12,14,0,0,0,2
181,1128,1,33,0.6,147,8,7,1226,1440,17,19,1,0,0,1
182,1547,0,45,0.7,166,2,8,590,505,12,3,0,1,1,0
183,1885,0,14,0.6,92,4,15,1517,1277,9,16,1,0,1,1
184,831,0,26,0.7,177,5,11,621,1704,6,20,1,1,1,0
185,1119,0,23,0.4,164,4,1,915,3520,7,7,1,0,0,3
186,1732,0,61,0.3,172,5,3,656,3940,17,20,0,1,1,3
187,603,0,12,0.7,114,6,20,1284,1543,7,19,1,1,0,1
188,984,1,42,0.8,98,7,17,1611,898,16,13,1,1,0,0
189,1567,0,22,0.5,119,6,6,1621,2312,9,18,1,0,0,2
190,1677,0,11,0.7,124,6,8,1477,3771,15,12,1,0,0,3
191,769,1,9,0.1,182,5,1,874,3946,5,7,0,0,0,3
192,1185,0,31,0.4,152,8,7,1642,2447,16,3,1,1,1,2
193,1934,1,2,0.1,118,4,16,1127,2190,18,9,1,0,1,2
194,1425,1,33,0.5,89,3,2,1648,3771,10,9,1,0,1,3
195,1265,0,49,0.5,90,1,5,687,1518,16,8,1,0,1,1
196,1550,1,21,0.8,133,2,11,832,2338,16,15,0,1,0,2
197,835,0,7,0.2,101,4,7,1604,1181,13,15,1,1,1,0
198,1205,0,12,0.6,175,4,6,614,860,14,14,1,0,1,0
199,1995,1,9,0.8,139,6,18,1963,1203,14,18,1,1,1,2
200,1596,0,7,0.7,149,2,9,1190,2493,14,13,1,1,1,2
201,1337,0,31,0.8,186,2,20,644,2180,7,16,1,0,1,1
202,1977,1,54,1,171,7,18,1242,1971,18,14,1,1,0,2
203,1066,0,39,0.6,131,5,17,1586,2728,6,17,1,1,1,2
204,1002,0,35,0.5,83,2,4,1416,1726,16,19,1,0,1,1
205,723,1,30,0.3,102,1,7,1901,2339,19,17,0,1,1,2
206,1763,0,10,0.2,184,3,19,1893,792,17,13,1,0,1,0
207,1913,1,29,0.6,111,5,4,742,2023,17,8,1,1,0,2
208,1422,0,3,0.1,112,1,17,926,509,19,3,1,1,1,0
209,934,0,24,0.8,112,5,12,1463,1017,12,9,0,0,1,0
210,1001,0,40,0.2,117,3,7,1836,3654,13,10,1,1,1,3
211,1178,1,49,0.6,101,5,0,596,2511,6,17,0,0,0,2
212,1052,0,6,0.8,195,4,16,1839,552,6,11,0,0,1,0
213,703,1,30,0.3,113,1,20,1065,1472,14,7,1,0,0,0
214,829,0,56,0.6,129,7,1,1916,820,12,11,1,0,1,0
215,1822,0,8,0.2,195,6,0,910,2577,9,8,1,1,0,2
216,1260,1,23,0.2,123,7,10,1313,2208,12,10,1,0,1,2
217,818,0,43,0.9,177,6,15,510,546,12,7,1,1,1,0
218,815,0,51,0.3,85,6,12,1291,3469,5,6,1,0,1,3
219,1972,0,37,0.7,102,2,1,1648,2870,16,17,0,0,0,3
220,909,1,47,0.1,146,3,9,1643,1244,14,16,0,1,0,0
221,1564,0,42,0.7,108,2,2,1962,3376,7,7,0,1,0,3
222,1492,1,11,0.9,85,3,7,1746,2259,14,19,0,1,1,3
223,645,0,41,0.7,184,8,17,1130,714,18,13,1,1,0,0
224,977,1,35,0.6,165,2,15,1862,3714,19,10,0,1,1,3
225,1117,0,12,0.6,144,7,8,817,2895,7,16,1,1,0,2
226,1366,1,53,0.2,161,5,9,1876,3869,17,14,1,0,1,3
227,1375,1,12,0.1,105,1,13,1687,2890,17,12,0,0,0,3
228,1007,0,45,0.1,95,5,2,1529,3648,9,16,0,0,0,3
229,999,0,56,1,165,4,13,1641,3083,8,11,1,1,1,2
230,1589,0,5,0.8,112,5,2,1397,3430,7,19,1,1,1,3
231,1946,0,8,0.3,123,8,19,1849,3117,6,2,1,0,0,3
232,865,0,59,0.1,159,3,9,1804,2361,16,19,1,0,1,2
233,1617,1,29,0.9,113,6,20,676,3685,13,18,0,0,0,3
234,769,1,17,0.1,95,8,4,1454,1877,18,11,0,0,1,1
235,1286,1,16,0.1,98,2,18,662,424,10,4,1,1,0,0
236,1453,0,52,0.3,96,2,18,1311,2373,10,10,1,1,1,2
237,1880,1,18,0.7,138,3,5,699,3333,17,7,1,0,0,3
238,1900,1,18,0.2,89,7,9,1661,2871,12,13,1,1,1,3
239,1882,0,44,0.8,113,8,19,743,3579,19,20,1,1,0,3
240,1183,1,48,0.1,120,8,12,1010,1152,8,3,1,0,0,0
241,986,1,28,0.8,182,4,20,679,1149,8,18,1,1,0,0
242,1994,1,7,0.6,88,8,4,711,454,11,6,1,1,0,0
243,999,0,49,0.6,132,1,17,1970,1598,7,8,0,1,0,1
244,1126,1,10,0.4,160,6,3,1611,2050,7,12,1,1,1,2
245,702,0,9,0.7,141,3,3,1570,2955,10,19,1,0,0,2
246,1211,1,28,0.3,130,2,3,963,2750,6,14,0,1,0,2
247,879,0,21,0.8,187,4,2,1038,2927,14,11,1,0,1,2
248,1285,0,11,0.8,199,5,7,1896,3966,17,2,1,1,1,3
249,1713,0,20,0.9,104,7,17,890,971,11,10,1,0,0,0
250,1515,0,56,0.9,184,3,1,1593,262,14,20,1,1,0,0
251,1039,0,12,0.8,200,8,0,1827,1619,7,10,1,1,1,1
252,967,1,25,0.6,92,8,9,1642,3076,7,18,0,1,1,2
253,1960,1,61,0.3,86,7,3,1299,3865,10,11,1,0,0,3
254,636,0,28,0.9,152,2,15,742,2927,15,3,1,0,0,2
255,1441,0,53,0.5,106,1,12,954,1393,9,4,1,1,1,1
256,1048,1,29,1,182,1,4,1670,2146,11,2,1,0,0,1
257,989,1,17,0.2,166,3,19,1394,3892,18,19,1,1,0,3
258,1070,1,19,0.8,160,7,16,1614,2647,14,20,0,1,0,2
259,610,1,52,0.4,90,4,19,1273,3472,10,12,1,1,1,3
260,1928,0,5,0.8,162,5,16,1004,696,14,15,1,1,1,0
261,768,0,19,0.9,159,2,1,991,1145,19,7,0,0,1,0
262,1021,1,53,0.7,136,3,6,1988,2631,17,7,1,1,0,2
263,826,1,58,0.3,88,4,1,786,2863,9,18,1,0,1,2
264,644,1,30,0.5,114,1,16,1654,2382,9,19,1,0,1,2
265,1232,0,24,0.3,169,5,17,809,1257,16,16,1,0,0,0
266,518,1,62,0.6,128,6,0,710,2514,16,7,1,1,1,1
267,1320,0,48,0.2,168,5,16,1583,2893,8,9,0,0,1,2
268,513,0,27,0.4,174,8,13,710,3400,16,13,0,1,1,2
269,615,1,42,0.6,163,6,4,1664,2211,7,18,0,0,1,1
270,1129,1,49,0.5,185,2,2,1079,1857,8,5,1,1,1,1
271,1971,1,40,0.3,186,7,19,922,571,8,17,1,1,0,0
272,1821,0,10,0.8,139,8,10,1018,3220,13,18,1,0,1,3
273,1396,0,44,0.1,118,6,1,1843,1386,7,8,1,1,1,1
274,1715,0,15,0.6,120,6,20,1849,1249,16,4,1,1,0,1
275,673,1,35,0.4,142,6,14,1570,3541,18,4,1,0,1,3
276,769,0,54,0.2,112,4,19,1780,941,15,20,1,0,1,0
277,561,1,40,0.1,99,7,6,865,2974,15,19,1,0,1,2
278,740,0,12,0.2,123,1,11,1147,1105,7,19,0,1,1,0
279,1445,0,37,0.4,82,2,6,1393,3480,17,17,1,1,1,3
280,781,1,64,0.2,88,2,7,607,3862,17,9,0,0,0,3
281,1410,1,15,0.3,92,3,1,1311,2304,18,18,1,1,0,2
282,1254,0,45,0.4,146,3,3,1956,606,7,2,1,1,1,1
283,1979,1,19,1,176,3,9,1532,411,8,2,1,1,1,0
284,864,1,54,0.7,187,2,1,1670,3121,18,16,1,1,1,2
285,956,0,42,0.1,133,7,11,1614,3700,10,7,1,1,0,3
286,1071,0,49,0.3,199,4,5,1970,3393,6,7,1,0,0,3
287,1397,0,3,0.2,121,3,15,1658,1378,18,4,1,1,1,1
288,1579,1,27,0.2,142,6,18,1484,1713,16,10,1,1,1,1
289,680,1,34,0.4,157,2,17,1418,3845,15,4,1,1,1,3
290,1464,1,12,0.9,117,2,14,1168,3927,5,15,0,1,1,3
291,574,1,30,0.9,126,2,3,1334,1167,5,19,1,0,0,0
292,1583,1,42,0.8,118,3,10,862,3652,14,9,1,0,0,3
293,1793,0,44,0.7,175,5,17,1459,2803,19,6,1,1,1,3
294,616,1,21,0.8,150,7,4,513,3267,17,19,1,0,0,2
295,594,1,27,0.1,196,5,2,528,708,17,17,0,1,1,0
296,1083,0,52,0.9,126,2,20,1469,681,19,19,1,1,1,0
297,807,1,37,0.2,127,4,0,829,2319,5,4,0,0,0,1
298,1891,0,37,0.4,129,7,14,1108,3704,8,11,1,0,0,3
299,1334,1,42,0.6,115,5,14,1974,2542,10,8,1,0,0,3
300,525,0,35,0.8,190,7,20,670,1609,16,3,0,0,0,0
301,775,0,46,0.7,159,2,16,1864,568,17,11,1,1,1,0
302,1732,1,12,0.8,119,8,9,881,1308,16,11,1,0,1,1
303,1604,0,6,0.5,191,6,15,1042,3564,7,2,1,1,0,3
304,1476,0,43,0.7,148,2,2,1972,3644,15,6,1,0,1,3
305,1433,0,4,0.7,133,8,11,799,258,11,4,1,1,1,0
306,554,1,12,0.1,105,6,10,806,3764,10,4,0,1,1,2
307,1741,1,14,0.7,143,8,0,1895,3387,11,3,1,0,0,3
308,1310,1,7,1,194,5,14,513,3182,8,5,1,1,0,2
309,727,1,32,1,131,7,1,1377,1891,19,7,1,0,1,1
310,1830,1,47,0.3,117,1,11,1882,3362,13,11,1,0,0,3
311,1829,1,15,0.4,160,5,7,1267,2080,16,12,1,0,1,2
312,686,1,36,0.1,194,4,1,745,1503,10,13,0,0,0,0
313,1379,0,36,0.8,200,2,7,1376,3426,5,17,1,1,1,3
314,675,0,60,0.9,144,5,15,757,1735,7,13,1,0,1,0
315,1724,1,9,0.8,100,2,1,828,3056,18,6,1,0,0,3
316,1695,0,34,0.4,84,5,10,1742,3296,17,14,0,0,0,3
317,1868,0,42,0.2,169,1,4,660,3131,8,7,1,1,1,3
318,1179,1,32,0.3,182,2,12,1451,340,16,16,1,0,0,0
319,1658,1,38,0.3,159,5,0,739,2609,12,19,1,0,0,2
320,1811,0,33,0.2,132,8,2,1553,2610,8,13,1,1,0,3
321,1627,0,32,0.1,180,6,16,1082,3206,12,16,1,1,0,3
322,1807,0,13,0.5,155,8,0,974,323,9,3,1,1,1,0
323,1496,1,38,0.1,126,4,14,506,1927,17,6,0,0,1,1
324,589,1,59,0.7,146,8,4,1858,362,16,6,1,1,1,0
325,1234,0,17,0.9,174,6,15,725,3351,12,19,0,0,1,2
326,1979,1,32,0.2,165,7,1,1630,452,13,14,0,1,0,0
327,1063,1,26,0.8,101,5,2,1232,3809,17,5,1,0,1,3
328,1987,1,53,1,181,3,7,1516,3117,18,8,1,1,1,3
329,501,1,22,0.5,174,6,20,1636,3077,17,17,0,0,0,2
330,1786,0,14,1,115,4,15,912,3038,18,14,1,0,0,3
331,1315,1,64,0.8,128,7,16,575,3278,6,13,0,0,0,2
332,576,0,27,0.1,121,2,4,1518,1519,18,8,1,0,1,1
333,1444,0,48,0.5,82,5,17,1554,2540,17,15,1,1,1,3
334,1337,1,5,0.7,200,4,1,1029,3242,10,20,0,1,0,2
335,1967,0,46,0.6,199,1,7,1374,1567,15,7,1,1,0,1
336,1143,0,22,1,125,3,6,1724,1214,12,16,1,1,0,1
337,659,0,5,0.3,169,8,10,730,2190,16,16,1,1,0,1
338,1212,0,46,0.3,102,4,8,1715,2249,14,4,1,1,1,2
339,730,0,4,0.1,89,8,2,1247,1210,19,4,1,1,1,0
340,623,1,3,0.1,102,8,7,1781,3537,16,3,1,0,1,3
341,623,0,6,0.1,127,3,4,672,3657,17,19,1,1,0,2
342,1204,1,10,0.3,199,7,3,1482,1724,11,19,1,0,0,1
343,1692,1,61,0.9,176,6,12,1996,1354,16,19,1,0,0,1
344,601,0,26,0.3,101,4,18,548,918,9,12,0,0,0,0
345,764,1,13,1,152,8,2,511,3148,18,6,1,1,0,2
346,617,1,32,0.5,199,7,20,874,2213,18,7,0,0,0,1
347,1097,0,21,0.1,160,7,15,1352,2219,15,12,1,0,1,2
348,1323,1,28,0.2,131,4,12,619,1892,10,15,1,1,1,1
349,1280,1,39,1,108,7,1,588,2335,6,2,1,0,1,1
350,907,1,44,0.2,160,3,12,896,3911,13,8,0,0,0,3
351,803,0,18,0.3,106,4,1,935,2801,18,12,0,1,0,2
352,733,0,7,0.2,174,7,10,1409,1403,15,2,1,1,0,0
353,1816,1,50,0.1,186,5,2,1089,3637,11,16,0,0,1,3
354,1658,1,39,0.7,182,1,5,522,3483,10,15,1,0,1,3
355,853,1,3,0.6,200,2,16,740,3701,15,8,1,1,0,3
356,541,1,51,0.4,200,8,17,1226,403,11,12,0,0,0,0
357,1829,0,36,0.8,112,5,1,563,1475,11,7,0,0,0,1
358,1482,0,48,0.2,142,7,10,642,2971,12,12,1,1,1,2
359,1523,1,11,0.1,129,1,8,1606,707,19,19,1,1,0,0
360,1703,1,23,0.2,92,6,7,521,793,7,17,1,1,0,0
361,1751,0,8,0.6,178,6,20,564,2969,8,17,0,0,1,2
362,1615,1,9,0.9,117,1,13,678,2948,8,3,1,1,0,2
363,1002,1,45,0.7,180,7,7,1007,1234,19,18,1,1,0,0
364,1074,0,9,0.9,103,6,14,952,1948,13,18,1,1,1,1
365,1670,1,62,0.5,114,8,20,1330,3024,6,20,0,0,1,3
366,1283,1,47,0.9,93,5,5,692,2698,9,17,1,1,0,2
367,1972,0,14,0.4,196,7,18,952,1316,8,8,1,1,0,1
368,1285,0,51,1,140,7,2,500,2094,8,10,1,0,0,1
369,601,1,6,0.8,169,4,11,1827,2651,14,9,1,0,1,2
370,1910,0,29,0.6,146,7,2,639,2944,8,2,1,1,1,2
371,977,1,57,0.6,181,6,7,566,1206,7,8,0,1,1,0
372,1112,1,53,0.6,121,4,16,739,3655,7,20,1,1,0,3
373,891,0,18,0.1,153,6,3,1435,1303,17,4,1,1,1,0
374,1407,1,22,0.7,104,4,4,1217,2192,9,13,1,0,1,2
375,1562,1,55,0.1,140,8,1,1776,2096,15,3,0,0,0,2
376,1367,0,56,0.8,176,2,6,642,299,6,10,0,1,0,0
377,1278,1,54,0.1,104,8,16,750,1155,7,20,0,0,1,0
378,956,0,41,1,143,7,6,1075,3286,17,12,1,1,0,3
379,1053,0,42,0.9,126,6,17,1261,1339,17,14,0,0,1,0
380,972,1,5,1,126,4,2,816,3035,12,19,1,0,1,2
381,1851,1,12,0.9,198,6,11,1967,735,7,14,1,0,1,0
382,1461,0,40,0.5,141,7,4,1298,3799,16,4,1,0,0,3
383,1156,0,61,0.1,89,7,9,1262,1796,16,13,0,1,1,1
384,808,0,45,0.8,161,1,9,1324,3431,15,13,0,1,1,3
385,1225,0,2,0.6,138,7,1,1101,2675,12,15,1,1,0,2
386,1130,0,27,0.9,101,1,8,1579,315,14,11,1,1,0,0
387,1963,1,34,0.1,157,2,17,1813,714,18,2,1,0,1,1
388,1631,0,3,0.1,198,7,12,1905,301,13,13,1,0,0,0
389,1101,0,31,0.2,148,2,7,1269,2196,12,19,0,1,1,1
390,1577,0,42,0.3,197,5,4,1737,2060,19,12,1,0,0,2
391,1213,1,16,0.5,108,5,0,1248,2700,12,9,0,0,1,2
392,1656,1,38,0.1,105,7,17,519,1499,12,19,1,0,1,1
393,832,1,22,0.6,198,1,8,1431,1666,15,20,1,1,1,1
394,1288,0,50,0.1,121,2,20,1809,3129,17,2,0,0,0,3
395,1660,0,24,0.8,169,2,3,1777,2402,12,14,1,1,1,2
396,1065,0,48,0.3,162,6,8,1948,265,8,12,1,0,0,0
397,635,1,50,0.3,97,5,13,989,2107,13,12,1,0,0,1
398,1224,1,44,0.2,139,2,9,709,621,11,14,1,1,1,0
399,954,1,50,0.3,134,2,11,1058,438,17,2,1,0,0,0
400,1178,0,57,0.3,84,3,17,1352,2492,16,10,1,1,0,2
401,757,1,64,0.5,157,7,5,819,3433,6,10,1,1,0,2
402,612,1,16,0.3,102,7,7,1891,3161,8,3,0,0,0,3
403,1591,1,52,1,161,3,16,1641,282,10,14,1,1,1,0
404,1742,1,43,0.9,176,3,7,1407,1921,9,3,1,1,0,2
405,1577,0,64,0.1,105,3,7,1432,2967,7,7,1,1,1,3
406,1849,1,29,0.5,181,7,12,1986,3330,14,15,1,0,1,3
407,940,0,16,0.7,115,4,1,1090,2192,15,9,1,1,1,1
408,1634,1,17,0.2,200,2,5,1677,3031,11,6,1,1,1,3
409,1664,1,15,0.5,177,7,19,1929,1968,12,9,1,0,0,2
410,1725,0,52,1,185,6,12,1195,1243,19,5,1,1,1,1
411,561,1,2,0.1,193,3,13,1294,665,10,4,1,1,0,0
412,1727,0,63,0.6,85,7,8,1992,2457,19,7,1,0,1,3
413,862,1,23,0.4,165,2,15,1758,278,16,11,0,0,1,0
414,793,0,30,0.9,133,2,15,1935,2332,17,14,1,1,1,2
415,601,1,4,0.1,154,4,13,765,532,12,10,1,1,1,0
416,893,0,55,0.6,183,2,1,946,2986,7,6,0,1,1,2
417,671,0,2,0.1,95,6,19,1617,2278,13,2,1,0,0,2
418,525,1,51,0.5,137,8,11,1587,1891,18,12,0,1,0,1
419,689,0,7,0.8,147,2,6,722,1241,9,16,1,0,0,0
420,1175,1,19,0.3,164,7,9,1394,1944,9,9,1,1,0,1
421,973,1,57,0.2,190,7,16,1816,2977,6,2,1,0,0,2
422,1314,1,40,0.8,116,7,1,1858,3033,9,17,1,1,1,3
423,1510,0,32,0.7,135,3,8,1520,854,8,10,1,0,1,1
424,915,1,33,0.3,199,2,16,986,2156,7,13,1,1,0,1
425,1136,1,32,0.5,150,6,19,1030,3210,10,8,1,1,1,3
426,1327,0,23,0.5,89,7,16,1721,872,7,4,1,1,1,0
427,1854,0,33,0.4,195,1,0,718,1675,14,9,1,0,1,1
428,1414,0,15,0.8,168,2,0,1233,1069,18,14,1,0,0,0
429,1112,0,12,0.9,190,4,6,1119,3302,11,20,1,1,1,3
430,1203,1,11,0.9,109,2,12,510,1672,17,19,1,1,0,0
431,950,0,55,0.1,124,8,7,1681,1305,6,4,1,0,1,0
432,1749,1,49,0.8,178,1,8,775,2195,5,4,1,0,1,2
433,1430,0,27,0.5,183,1,16,1182,2832,7,15,0,1,1,2
434,987,0,61,0.4,107,3,9,820,3963,9,20,1,0,1,3
435,892,1,47,0.4,94,1,18,1782,1241,12,9,1,0,1,1
436,1082,0,38,0.1,198,8,5,1191,2337,6,17,0,1,1,2
437,727,1,64,0.2,193,1,9,711,3654,9,16,1,1,0,3
438,1673,1,42,0.5,182,5,6,679,3094,12,20,0,0,0,2
439,1083,1,49,0.8,156,5,9,503,1338,16,5,1,1,1,0
440,1923,0,46,0.5,191,1,10,1759,1489,10,3,1,1,1,1
441,675,0,42,0.6,187,7,2,874,2953,9,13,1,1,0,2
442,920,1,46,0.8,149,3,3,1421,2608,6,2,0,0,1,2
443,832,0,34,0.3,108,5,5,1294,447,15,12,1,1,0,0
444,1776,1,35,0.1,172,4,16,623,1813,16,20,1,1,1,1
445,1317,0,43,0.5,113,5,3,613,3436,16,5,0,1,1,3
446,538,0,25,0.3,163,7,7,537,2215,9,17,1,1,1,1
447,1387,0,61,0.5,98,3,0,1151,629,5,11,1,1,0,0
448,1557,0,2,0.1,123,5,20,1442,2690,18,9,0,0,1,3
449,1325,0,50,0.1,146,1,10,695,2328,17,2,1,0,0,2
450,1402,1,46,0.3,87,7,12,1767,347,17,12,1,0,1,0
451,1425,0,35,0.7,127,8,14,1897,590,13,6,1,1,1,0
452,1720,0,55,0.5,168,2,18,1353,2148,14,5,1,1,1,2
453,983,0,53,0.9,187,1,4,1176,1389,17,8,1,1,1,1
454,1906,1,55,0.2,113,3,4,629,1871,13,4,1,0,1,1
455,1614,0,9,0.1,161,3,2,1219,1832,15,11,1,0,0,1
456,1063,0,27,0.2,86,6,7,582,2668,12,19,0,0,0,2
457,1486,0,52,0.1,85,4,15,1747,297,13,15,0,1,0,0
458,628,1,60,0.2,87,6,6,1534,1337,12,14,0,1,0,1
459,1970,0,58,0.3,80,8,19,882,2372,14,2,1,1,0,2
460,618,1,63,0.9,138,2,1,1781,2574,14,5,1,1,0,2
461,641,1,7,0.9,192,1,3,759,3595,7,19,1,1,1,2
462,1428,1,7,0.1,153,4,2,983,1808,12,13,0,1,0,1
463,1986,0,64,0.2,162,4,20,1520,1377,5,15,1,1,1,1
464,862,0,6,0.1,107,8,14,1977,3458,9,9,1,1,1,3
465,1571,0,19,0.1,100,6,1,1398,666,12,13,1,1,0,0
466,1569,0,44,0.3,110,4,20,1942,1260,9,17,1,0,0,1
467,822,1,51,0.3,157,6,20,860,3846,10,3,1,0,0,3
468,1325,1,13,1,133,4,8,1915,3707,19,18,1,1,0,3
469,848,1,36,0.3,151,4,16,527,2289,10,19,1,1,1,1
470,1660,0,15,0.7,100,8,8,569,2424,12,9,1,1,0,2
471,1648,1,17,0.9,142,2,3,1238,1184,6,2,1,0,1,1
472,1004,1,35,0.2,141,6,9,1162,3772,17,18,0,1,1,3
473,826,0,57,0.5,135,2,0,530,323,17,7,1,0,1,0
474,1541,1,28,0.2,165,5,15,1052,1108,12,7,1,0,1,1
475,826,0,62,0.7,187,4,19,1615,1998,17,17,0,0,0,1
476,825,0,34,0.8,99,8,17,1866,2915,8,10,1,1,0,3
477,1977,0,31,0.4,173,8,6,1356,2641,8,7,0,0,0,3
478,551,1,54,0.1,172,7,15,1916,1414,6,19,1,0,1,0
479,831,1,62,0.7,134,8,9,1490,2573,16,18,1,0,1,2
480,1590,0,7,0.3,122,3,17,1595,1201,12,18,1,1,1,1
481,912,1,54,0.3,161,8,5,1053,2330,19,20,0,1,0,1
482,536,1,53,0.7,135,3,0,705,1211,15,7,1,0,1,0
483,1188,1,9,0.6,114,2,0,1558,2896,12,16,1,0,1,3
484,1138,0,44,0.2,187,8,17,1138,3475,19,3,1,0,0,3
485,1163,1,19,0.9,132,2,1,818,2940,13,15,1,0,1,2
486,1136,0,9,0.9,150,6,2,1767,2110,9,16,1,0,1,2
487,1874,1,8,0.9,166,7,13,1233,1246,8,2,0,0,1,1
488,720,1,14,0.8,165,4,14,1234,1086,14,3,1,1,0,0
489,955,1,2,0.6,155,4,10,1254,1974,14,18,1,1,0,1
490,1194,0,34,0.2,165,2,12,509,313,15,19,1,1,0,0
491,1991,1,9,0.7,94,3,12,1377,1511,17,9,0,0,0,1
492,564,0,51,0.5,168,3,1,1980,1074,14,15,1,1,0,0
493,510,1,45,0.9,168,6,16,754,3919,19,2,1,1,1,3
494,1180,1,50,1,144,4,20,1252,1464,7,20,1,1,1,1
495,783,1,27,0.3,150,6,11,1263,1185,15,6,1,1,1,0
496,1809,0,23,0.7,123,6,19,1661,2784,12,20,1,1,1,3
497,732,1,32,0.4,163,8,7,1836,3883,12,5,1,0,1,3
498,1369,1,34,0.5,162,1,7,727,3856,18,18,0,1,1,3
499,1790,0,2,0.1,184,1,14,792,1366,7,20,1,1,1,1
500,713,1,2,0.4,181,8,9,1378,485,10,4,1,1,1,0
501,665,1,31,0.1,185,5,2,1804,690,5,15,1,0,0,0
502,1077,1,58,0.8,86,7,13,1892,3902,9,3,1,0,0,3
503,1245,1,30,0.7,105,5,3,1434,2676,17,7,1,0,0,2
504,765,1,44,0.3,88,8,11,1851,2256,6,19,0,1,1,2
505,1777,1,20,0.6,188,6,5,616,3868,5,7,0,1,1,3
506,1982,0,24,0.1,129,7,16,1873,3511,16,15,1,1,1,3
507,1253,0,34,0.9,113,4,10,647,3518,7,8,1,1,1,3
508,1986,1,39,0.1,89,7,19,599,3476,11,17,1,1,0,3
509,999,0,64,0.2,199,4,19,1616,2593,14,16,1,1,0,2
510,1729,1,12,0.9,186,1,6,1178,1519,9,5,1,0,1,1
511,946,0,25,0.8,143,6,15,1740,2177,7,13,1,1,1,2
512,1872,1,49,0.2,139,7,18,1389,3153,16,5,1,1,0,3
513,1038,0,43,0.7,141,1,5,638,3709,11,12,1,1,1,3
514,786,0,33,0.5,141,7,6,1697,2390,12,5,1,0,1,2
515,1135,1,46,0.3,83,1,4,1846,3029,19,9,1,1,1,3
516,1595,1,12,0.3,121,8,19,655,3608,15,16,0,1,0,3
517,1519,0,30,0.7,112,7,8,1702,2440,9,10,1,1,1,2
518,1430,1,56,0.1,179,3,5,906,752,17,17,0,0,1,0
519,667,0,6,0.1,149,6,10,870,3566,9,12,1,0,1,2
520,1142,1,6,0.5,198,4,0,1766,1273,19,6,1,0,0,1
521,1911,0,36,0.7,108,8,3,1632,3057,9,5,1,1,0,3
522,868,1,5,0.4,137,4,7,1311,1519,13,2,0,0,1,0
523,1342,0,50,0.1,173,1,8,620,2644,7,11,0,1,1,2
524,1520,1,33,0.5,177,8,18,1005,3826,14,13,1,1,1,3
525,1170,0,40,0.4,169,6,5,684,2366,16,2,1,1,1,1
526,1413,1,45,0.4,104,5,6,1994,2973,17,15,1,0,1,3
527,1514,1,12,0.6,138,3,4,538,1037,15,15,1,0,1,0
528,1856,0,24,0.1,155,5,1,1155,2052,17,10,1,1,0,2
529,972,1,44,0.7,82,7,10,589,3925,7,7,0,1,0,3
530,1049,0,2,0.3,172,6,10,1564,433,10,6,1,0,0,0
531,1269,1,52,0.8,118,2,15,1920,665,18,5,0,0,0,1
532,965,1,13,0.9,197,8,2,1275,2343,17,15,1,0,0,2
533,1481,1,37,0.6,96,5,13,1533,2945,10,16,1,1,1,2
534,1275,1,5,0.2,152,1,9,501,3784,13,4,1,1,0,3
535,958,1,60,0.4,200,1,12,751,1417,10,19,1,0,1,0
536,904,0,19,0.6,147,6,7,1496,545,19,16,0,0,0,0
537,1670,1,47,0.8,139,8,15,1886,876,16,5,1,1,0,1
538,1476,1,55,0.1,171,4,5,1666,1529,13,3,1,0,1,2
539,1210,0,63,0.1,93,5,0,1462,2394,17,7,0,0,0,2
540,508,0,42,0.3,94,1,8,557,663,13,7,1,0,0,0
541,894,0,16,0.7,168,8,20,1300,3377,5,6,1,1,1,2
542,1412,1,25,0.8,96,8,17,1894,837,15,4,0,0,1,1
543,648,1,54,0.4,109,5,20,1817,3124,5,13,1,0,0,3
544,867,0,4,0.7,135,6,1,1974,790,13,3,1,1,0,0
545,946,0,19,0.2,154,8,0,630,2104,7,16,1,1,0,1
546,848,1,8,0.1,103,7,3,1294,436,10,15,1,1,1,0
547,1062,1,10,0.9,160,1,13,1807,3803,7,16,0,0,1,3
548,1845,1,61,0.3,96,1,12,695,1731,9,6,0,0,0,1
549,1804,0,22,0.6,153,7,19,1244,3472,9,20,1,0,1,3
550,1341,1,36,0.4,107,8,1,574,2200,18,15,0,1,0,1
551,1944,1,31,0.8,87,4,10,1362,2560,7,8,1,0,0,3
552,642,0,34,0.8,197,2,15,1011,3355,12,13,0,0,0,2
553,854,0,30,0.5,125,8,5,1152,2889,5,11,0,0,1,2
554,1109,1,57,0.9,151,1,12,833,2785,15,16,1,0,0,2
555,1522,0,21,0.7,162,6,11,1696,3767,15,16,0,0,1,3
556,1661,1,6,1,109,7,2,1337,864,9,2,1,0,1,1
557,1369,1,28,0.6,108,1,18,1469,3206,16,4,0,0,0,3
558,1672,1,32,0.7,174,1,20,1896,1267,17,20,1,1,0,1
559,1347,0,44,0.6,132,1,14,967,2484,18,11,1,0,1,2
560,1097,0,60,0.8,181,1,17,519,509,15,12,1,0,0,0
561,970,1,59,0.2,84,7,19,1786,3675,12,12,0,0,0,3
562,1154,0,14,0.7,156,7,14,1801,587,8,4,1,1,1,0
563,642,1,38,0.8,86,5,10,1775,435,9,2,1,1,0,0
564,1398,0,26,0.8,150,1,12,1284,3488,14,11,1,1,0,3
565,1009,1,2,0.6,115,7,15,1841,2286,19,13,1,0,0,2
566,1702,1,2,0.6,185,6,19,1351,435,12,3,0,1,1,0
567,627,1,12,0.2,131,7,17,819,2476,17,10,1,0,0,1
568,511,0,52,0.7,180,2,10,759,3865,8,7,1,0,1,2
569,855,1,59,0.5,159,2,3,1196,1875,16,8,1,1,1,1
570,1949,1,57,0.3,145,7,11,1178,356,5,19,0,0,0,0
571,1824,1,2,0.7,103,1,14,1105,3958,12,19,1,1,0,3
572,1994,0,7,0.5,146,8,7,1435,3622,7,20,1,0,1,3
573,545,0,11,0.3,131,3,1,1452,616,15,19,1,1,1,0
574,1104,0,60,0.4,199,2,13,1413,1229,6,3,1,1,1,0
575,1135,1,43,0.4,158,1,11,1589,3204,18,6,1,0,0,3
576,599,1,64,0.3,186,8,1,646,3396,5,7,1,0,0,2
577,589,1,61,0.6,160,4,10,815,2113,13,2,1,0,1,1
578,1310,0,15,0.2,150,5,11,970,2518,18,5,0,1,1,2
579,902,1,63,0.7,122,5,14,1360,3654,18,15,0,1,1,3
580,622,0,9,0.3,127,2,0,511,3916,13,5,1,0,1,2
581,1986,0,51,0.4,95,3,9,774,3165,5,13,1,0,0,3
582,1509,0,50,0.3,81,4,8,1684,1540,12,3,1,1,0,1
583,1640,1,21,0.8,169,7,14,1301,337,16,5,1,1,0,0
584,1283,1,27,0.2,80,4,6,1923,3957,17,6,1,0,0,3
585,1158,0,29,0.7,123,2,20,1796,1542,17,15,1,0,1,1
586,1018,1,63,0.1,155,5,18,883,3048,10,2,0,0,1,2
587,615,1,10,0.8,131,6,9,1786,2769,16,11,1,0,0,2
588,640,0,20,0.1,163,4,15,1179,2844,7,18,1,1,0,2
589,1161,0,21,0.6,126,8,12,1169,3336,6,14,1,0,1,3
590,725,0,60,0.4,160,8,17,1249,1326,10,15,1,0,0,1
591,1299,0,60,0.8,187,8,6,1838,1412,13,20,0,1,1,1
592,1617,1,30,0.7,105,2,4,1038,829,9,10,1,0,0,0
593,1151,1,31,0.6,128,8,1,1560,2377,18,13,0,1,0,2
594,1072,1,19,0.4,114,8,16,877,2715,15,16,0,1,0,2
595,932,1,60,0.7,104,4,2,1078,1459,6,19,1,1,0,0
596,1270,1,32,0.5,101,7,6,845,3770,5,13,1,1,0,3
597,527,0,53,0.9,128,1,11,1924,1302,13,13,0,0,0,0
598,1936,0,46,0.6,104,3,20,1036,2552,14,13,1,0,0,2
599,1062,0,45,0.2,151,3,4,1435,911,14,9,0,0,0,0
600,612,1,35,0.6,181,5,12,1337,3169,14,6,0,0,0,2
601,1841,1,14,0.6,167,8,8,672,2304,7,18,0,0,1,2
602,1318,1,45,0.1,136,2,7,661,755,18,9,1,0,1,0
603,1159,1,18,0.5,83,1,7,723,2246,8,3,1,1,0,1
604,713,0,53,0.8,98,1,17,1477,1462,19,13,1,0,1,0
605,842,1,57,1,124,3,10,730,1903,8,14,0,1,0,1
606,1147,0,28,0.7,158,6,13,1134,2627,18,15,1,0,1,2
607,625,0,42,0.8,138,8,3,1771,2929,10,17,1,0,0,2
608,707,0,25,0.8,131,3,17,574,3838,9,7,1,0,1,3
609,1973,1,21,0.8,95,8,7,507,1724,12,8,0,0,1,1
610,1945,0,26,0.7,112,6,5,1540,3322,18,20,0,0,1,3
611,804,1,41,0.9,89,1,13,818,2027,11,11,1,0,0,1
612,1517,0,8,0.8,169,4,18,1645,2738,18,12,1,0,0,2
613,1588,0,61,0.8,159,1,13,1594,3272,18,17,1,1,0,3
614,1063,0,3,0.9,155,4,10,849,1919,12,20,1,1,0,1
615,1786,0,58,0.7,161,7,10,1671,2764,9,7,1,1,1,3
616,990,1,15,0.9,153,2,7,1717,2698,11,6,1,0,0,2
617,1836,1,26,0.1,134,6,16,1139,3097,5,18,0,1,0,3
618,932,0,64,0.7,154,7,2,1224,3817,8,9,1,1,1,3
619,1368,1,9,0.1,115,7,7,1145,2941,13,17,0,1,0,3
620,1702,1,47,0.6,107,2,19,1643,595,10,19,1,0,1,1
621,1370,0,6,0.2,158,6,8,1783,3703,13,11,1,1,0,3
622,1578,0,37,0.1,138,4,19,1226,2458,19,3,1,0,1,2
623,1773,1,32,0.6,170,6,18,1472,3566,17,13,1,0,1,3
624,757,0,58,0.2,163,4,7,697,3237,19,9,1,0,1,2
625,826,1,57,0.6,117,2,17,1183,1907,15,5,1,0,0,1
626,563,1,41,0.9,145,5,6,1716,2603,11,9,1,1,0,2
627,733,0,16,0.4,138,4,12,1787,2648,12,19,1,1,0,2
628,1384,1,60,0.1,82,3,18,1210,1221,18,15,1,0,1,1
629,1597,0,34,0.4,89,1,14,1667,934,16,9,0,1,0,0
630,1039,1,56,0.3,125,8,13,618,3105,14,5,0,1,1,2
631,1610,1,64,0.9,181,4,12,1280,941,8,9,1,1,0,1
632,1090,1,8,0.6,128,8,8,1670,3839,17,11,1,0,1,3
633,1772,1,45,0.5,159,2,18,1405,1146,6,17,1,1,0,1
634,1439,0,20,0.8,147,1,17,932,1790,19,15,1,0,1,1
635,1840,0,34,0.7,142,1,16,1545,1078,8,10,0,0,0,1
636,731,1,28,0.5,130,8,0,1032,1774,12,10,1,0,0,1
637,1086,1,43,0.2,111,6,1,1150,3285,11,17,1,1,0,2
638,1565,1,38,0.1,121,5,1,1364,308,19,7,1,1,1,0
639,1170,1,14,0.4,199,2,13,709,715,18,20,1,0,1,0
640,1527,0,60,0.1,154,5,14,1116,2078,5,11,1,1,1,2
641,972,1,54,0.7,107,3,4,1050,1900,16,19,1,0,1,1
642,765,0,18,0.1,153,7,0,793,1066,11,16,1,1,0,0
643,1698,0,7,0.8,131,8,12,508,2992,15,17,1,1,0,2
644,1379,1,9,0.8,118,8,13,755,1693,11,18,1,0,1,1
645,1172,0,27,0.7,164,1,3,1092,1477,12,6,1,0,0,1
646,1512,0,46,0.1,145,5,5,670,869,18,19,1,1,1,0
647,1713,1,5,0.7,199,6,16,1963,1513,15,2,1,0,1,1
648,1444,1,6,0.9,103,1,1,1340,712,17,10,0,0,0,0
649,681,0,17,0.9,194,5,19,1702,2548,6,5,1,0,1,2
650,1656,0,34,0.1,166,3,7,1456,1629,15,14,1,1,0,1
651,1447,0,40,0.7,184,2,5,1062,471,8,20,0,0,1,0
652,1002,0,27,0.1,146,1,10,1111,1295,18,17,1,0,1,0
653,1563,0,16,0.1,151,7,13,572,3922,11,8,0,0,1,3
654,1531,0,60,0.4,162,6,1,765,2524,13,7,1,0,0,2
655,934,0,30,0.7,182,8,15,1190,703,10,7,0,0,1,0
656,1768,1,2,0.8,88,7,2,1814,3256,9,5,1,1,0,3
657,1271,1,32,0.1,113,7,15,1949,445,15,14,0,0,1,0
658,772,1,8,0.6,134,7,8,1802,422,7,15,1,0,0,0
659,1569,1,54,0.9,190,4,6,665,3905,6,4,1,0,0,3
660,909,1,53,0.3,82,8,0,973,3187,12,4,1,0,0,2
661,1936,0,44,0.1,139,3,3,1021,1400,17,3,0,0,1,1
662,1433,1,5,0.1,129,5,11,784,2132,18,19,1,0,1,1
663,1180,1,27,0.1,90,6,1,540,348,7,19,1,1,1,0
664,674,1,21,0.2,198,3,4,1809,1180,6,4,1,1,1,0
665,1989,1,17,0.1,193,8,15,682,2369,7,18,1,1,0,2
666,1092,1,11,0.5,167,3,14,571,737,14,11,0,1,0,0
667,606,0,53,0.2,146,4,2,1152,1223,19,7,1,0,0,0
668,673,1,22,0.1,88,1,5,1088,2050,7,17,1,1,0,1
669,776,1,20,1,146,4,9,1803,685,15,7,1,1,1,0
670,1775,1,41,0.1,163,1,7,1869,2343,19,14,1,1,1,3
671,1114,0,9,0.4,197,3,15,1071,907,10,17,1,1,0,0
672,742,1,21,0.7,104,8,1,925,331,11,7,1,0,0,0
673,1988,1,16,0.1,94,8,1,696,3144,16,14,1,0,0,3
674,663,0,25,0.6,183,2,1,1605,3176,6,2,1,0,1,2
675,1035,0,49,0.3,178,2,15,1171,3991,12,19,1,0,0,3
676,1827,0,39,0.5,128,5,16,1020,2844,14,10,1,1,0,2
677,1993,1,27,0.3,147,8,11,510,2437,14,9,1,0,0,2
678,1408,1,45,0.9,89,5,14,1088,3952,8,3,0,0,1,3
679,1472,1,61,0.1,168,6,19,1052,2677,19,8,1,0,0,2
680,618,1,57,0.2,88,3,7,896,2399,18,17,1,1,1,1
681,877,0,46,0.8,135,1,14,652,3260,14,6,1,0,0,2
682,1974,0,10,0.8,145,6,12,1496,1433,6,17,0,0,0,1
683,793,1,64,0.4,179,4,2,1006,2296,12,5,1,1,0,1
684,1290,1,35,0.3,110,4,20,742,879,16,8,1,0,0,0
685,1799,1,49,0.4,107,4,2,1383,720,12,11,1,1,1,0
686,1426,0,12,0.7,174,5,16,1694,1277,14,5,1,0,0,1
687,1498,1,8,0.1,170,7,4,1076,3358,7,19,1,0,0,3
688,846,1,58,0.1,123,4,15,1983,2248,16,13,1,0,0,2
689,840,0,15,0.3,178,6,8,1728,2636,12,6,1,1,0,2
690,1034,0,45,0.3,190,3,4,1293,969,15,7,1,0,0,0
691,1126,0,49,0.9,165,8,17,1726,3739,14,13,1,0,0,3
692,635,1,16,1,110,7,17,1299,2452,19,8,1,0,0,2
693,1354,1,26,0.5,136,4,6,918,2090,5,13,1,1,0,1
694,1023,1,63,0.7,153,7,8,1985,3155,11,7,1,1,1,3
695,1303,1,10,0.4,109,8,15,1873,2219,9,15,1,1,1,2
696,772,0,6,0.1,100,2,10,1471,929,13,18,0,1,1,0
697,1003,1,16,0.6,119,8,19,1905,1798,16,10,1,0,0,1
698,1270,1,58,0.5,104,5,1,1716,3299,13,16,0,0,1,3
699,1791,1,33,0.5,110,5,4,682,594,17,16,1,0,1,0
700,1446,1,18,0.3,178,8,1,1769,3340,8,16,1,1,1,3
701,1842,1,56,0.4,179,4,10,1227,3721,16,4,0,1,1,3
702,1987,1,50,0.7,119,8,18,1925,857,12,6,1,1,0,1
703,743,0,33,0.3,95,2,1,1659,316,19,4,1,0,0,0
704,1201,1,10,1,99,7,7,558,495,15,14,1,1,1,0
705,579,1,7,1,89,8,10,1517,2908,12,11,0,0,1,2
706,1117,1,21,0.1,177,2,19,1035,1999,15,2,1,0,1,1
707,510,0,33,0.1,110,6,10,1897,1693,6,5,0,1,0,1
708,1259,0,13,0.5,97,2,0,1989,340,17,4,1,0,1,0
709,965,1,13,1,109,2,14,998,1138,9,10,0,1,0,0
710,1671,0,5,0.9,179,8,18,1263,815,16,10,1,1,1,0
711,1753,0,40,0.6,191,4,11,1983,1112,8,15,1,1,1,1
712,1874,1,19,0.8,192,2,9,1418,1218,15,17,0,1,0,1
713,609,1,10,0.1,81,6,6,1524,1905,16,18,1,1,1,1
714,1436,1,23,0.3,106,5,4,1411,2488,8,8,1,0,0,2
715,1380,1,4,0.8,92,3,13,500,797,13,15,1,1,0,0
716,709,1,35,0.1,136,1,0,1596,1973,12,16,0,1,1,1
717,1805,1,29,0.2,182,4,2,891,1276,19,17,0,1,0,1
718,1224,0,6,0.4,109,6,18,826,506,10,11,1,1,1,0
719,946,1,5,0.1,166,3,20,1771,3720,15,4,0,1,0,3
720,1718,1,6,0.1,183,5,16,980,3755,7,8,1,1,1,3
721,821,0,54,0.1,109,3,9,1786,3185,8,15,1,0,0,2
722,1191,0,26,0.8,84,1,20,683,1604,14,9,1,0,1,1
723,1541,1,5,0.5,109,4,10,1656,1795,7,4,1,1,1,1
724,913,0,41,0.3,103,1,14,1144,2278,15,18,1,1,0,1
725,1758,1,13,0.6,190,8,14,1864,1897,6,15,1,0,0,2
726,1332,0,7,0.8,168,7,19,855,2790,19,10,1,1,0,2
727,683,0,19,0.9,173,4,17,1985,2622,16,5,0,0,1,2
728,1811,1,22,0.2,82,2,8,614,2847,9,4,1,0,1,2
729,1075,0,11,0.2,122,1,16,1769,3927,8,7,1,0,0,3
730,1809,1,59,0.1,174,3,4,721,2324,10,16,1,0,1,2
731,1068,0,51,0.5,124,4,15,1910,550,12,6,1,1,0,0
732,1127,1,57,0.8,163,1,13,1049,2048,11,17,1,1,1,1
733,1815,0,33,0.6,159,4,17,748,1482,18,2,1,0,0,1
734,1249,1,55,0.8,140,3,8,1193,531,18,13,1,1,1,0
735,1876,0,40,0.3,86,6,14,1564,2513,10,16,1,1,0,3
736,919,0,13,0.3,159,1,15,570,1028,8,17,1,0,0,0
737,1045,1,40,0.1,175,6,7,1564,2137,11,12,1,0,1,2
738,1914,0,35,0.6,118,8,2,1701,643,17,8,1,0,1,1
739,584,1,19,0.3,168,3,0,1622,465,12,4,1,1,0,0
740,1290,0,3,0.1,143,6,4,1109,1214,9,15,0,1,1,1
741,1507,1,42,0.4,123,5,0,888,1486,15,19,1,0,0,1
742,962,1,17,0.1,161,8,20,1424,3438,14,20,0,0,0,3
743,1077,1,49,0.6,131,4,14,1079,3454,17,2,1,0,1,3
744,1536,0,13,0.3,105,7,20,1634,2020,6,16,1,1,0,2
745,1317,0,12,0.1,154,2,9,542,425,7,11,1,1,1,0
746,513,1,44,0.1,186,4,12,867,1343,5,9,1,1,0,0
747,1414,1,49,0.5,101,4,1,887,2290,13,12,1,1,0,1
748,1762,1,25,0.9,189,1,14,527,1896,14,20,1,1,1,1
749,1674,0,52,0.2,89,3,7,1649,2030,7,6,1,0,0,2
750,1969,0,63,0.2,132,4,11,756,298,10,10,1,1,0,0
751,1958,1,4,0.2,190,2,3,637,1409,16,3,0,0,0,1
752,1039,0,47,0.2,130,8,9,1878,1742,18,15,1,0,0,1
753,577,0,37,0.9,161,6,20,1450,814,11,19,1,1,1,0
754,1373,1,50,0.2,127,7,12,673,3800,8,14,1,0,0,3
755,966,1,50,0.2,117,4,10,1754,2574,10,5,1,0,1,2
756,914,1,60,0.9,198,5,4,840,3736,14,5,1,0,0,3
757,817,0,11,0.5,144,3,11,766,2039,11,19,0,1,0,1
758,576,1,10,0.2,184,5,7,1438,2938,6,5,1,1,1,2
759,1215,0,16,0.1,130,4,8,1473,2632,7,15,0,0,1,2
760,1421,0,57,0.4,165,1,2,1657,2775,13,14,1,0,1,3
761,1707,0,41,0.8,80,7,2,1388,1774,12,10,0,0,0,2
762,1965,1,29,0.5,149,5,13,676,2973,11,20,1,1,1,3
763,1054,1,40,0.8,196,7,10,774,2296,16,12,1,0,1,1
764,1968,0,22,0.8,115,3,7,1259,2323,9,7,0,0,1,2
765,683,1,30,0.1,197,7,8,1135,2066,9,15,0,0,0,1
766,1279,1,7,0.5,105,6,6,1633,1150,7,7,1,0,0,1
767,504,0,40,0.5,178,3,0,1195,470,6,16,1,0,0,0
768,1288,0,61,0.2,115,6,6,1503,1882,16,10,1,0,1,2
769,590,1,32,0.4,141,6,1,509,1817,10,6,0,1,0,0
770,721,0,6,0.4,194,4,9,1988,530,8,8,1,0,1,0
771,1039,0,6,0.1,136,6,8,544,3212,15,7,1,0,1,2
772,832,0,39,0.7,103,4,3,1504,1799,5,11,1,0,1,1
773,1801,0,52,0.9,120,6,10,1708,258,14,9,1,0,0,0
774,652,0,58,0.6,142,3,2,781,565,18,9,0,0,1,0
775,560,0,23,1,146,8,15,1903,2360,17,18,0,1,1,1
776,1902,0,50,0.8,124,8,9,1393,343,11,18,0,1,0,0
777,915,0,31,0.3,91,3,20,1316,378,11,9,1,1,0,0
778,511,0,24,0.6,136,3,18,1264,2378,18,4,1,0,0,1
779,1844,1,51,0.7,158,8,3,882,1724,5,14,0,1,1,1
780,1234,1,33,0.6,172,1,3,778,1449,11,6,0,0,1,0
781,875,1,43,0.6,104,8,3,969,3396,14,18,1,0,0,3
782,1697,1,34,0.1,95,1,3,1264,3701,15,8,1,1,0,3
783,1928,1,19,1,187,3,20,1580,3777,7,13,1,1,1,3
784,823,0,18,0.2,182,5,16,1350,3894,13,9,1,1,0,3
785,987,1,52,0.5,83,3,8,736,2757,17,15,1,1,0,2
786,1413,0,51,0.3,117,5,11,517,3383,16,2,0,0,0,3
787,530,1,40,0.9,118,6,2,1090,1229,16,2,0,1,0,0
788,1542,0,43,0.8,182,2,11,966,3601,14,16,0,0,0,3
789,1957,0,36,0.8,151,2,19,1727,1115,16,18,1,0,1,1
790,1561,1,27,0.8,174,3,10,874,1205,12,3,1,1,0,1
791,1106,1,54,0.7,107,3,9,1212,2674,9,9,1,0,1,2
792,1146,0,57,0.4,111,5,10,583,291,19,11,1,1,1,0
793,1515,1,24,0.9,176,5,6,1247,3104,6,20,1,0,0,3
794,1002,0,11,0.4,185,6,18,512,961,10,19,1,0,1,0
795,788,0,57,0.9,91,8,12,1161,3969,12,6,1,1,1,3
796,819,1,11,0.2,83,8,1,822,1094,10,15,1,0,0,0
797,1544,0,12,0.1,186,7,20,844,489,9,2,1,0,1,0
798,1207,0,58,0.3,112,8,0,681,503,7,5,1,1,0,0
799,1829,1,59,0.1,91,5,15,1919,3142,16,5,1,1,1,3
800,622,1,11,0.8,193,8,14,1964,3183,5,4,1,1,1,2
801,1396,0,46,0.1,138,7,1,1347,2389,7,15,0,0,1,2
802,1744,0,62,0.7,158,1,0,1558,345,10,14,1,0,0,0
803,1445,1,53,0.7,174,7,14,836,1099,17,20,1,0,0,0
804,1449,1,52,0.6,105,6,0,947,2036,5,10,0,1,0,1
805,866,0,46,0.5,179,8,7,1686,3825,12,2,1,1,1,3
806,1479,0,19,0.6,156,3,10,1476,3323,13,6,1,0,1,3
807,1712,0,63,0.5,137,7,12,1126,3652,16,19,1,0,0,3
808,809,0,21,0.9,91,7,19,1726,1274,18,3,0,0,0,1
809,1631,0,13,0.5,166,2,16,1735,2173,12,8,1,1,0,2
810,1134,1,13,0.4,92,4,19,903,3632,17,19,1,1,0,3
811,1976,1,32,0.8,171,2,7,1922,3699,17,13,0,1,1,3
812,794,1,2,0.8,106,6,14,1890,668,13,19,1,1,0,0
813,668,0,30,0.2,195,8,12,1056,2399,10,7,1,1,1,1
814,1659,1,41,0.1,88,7,18,1515,545,12,9,0,1,1,0
815,1800,1,8,0.4,100,7,6,823,3481,10,8,1,0,1,3
816,517,0,33,0.8,183,4,8,974,3704,17,11,1,0,1,3
817,928,1,56,0.7,80,8,13,1243,666,19,5,0,1,0,0
818,1747,1,48,0.7,94,3,19,1131,2362,17,19,1,1,0,2
819,1692,0,2,0.9,106,1,17,1904,3779,9,7,1,1,1,3
820,635,1,42,0.4,149,3,4,1059,2973,12,18,0,0,1,2
821,1949,1,31,0.1,145,5,9,1182,832,7,19,1,0,0,1
822,1592,0,50,0.1,181,2,17,522,2103,19,7,1,0,0,1
823,1321,1,63,0.4,109,8,9,941,1464,7,16,1,1,1,1
824,1986,0,51,0.1,165,8,20,1358,1614,17,3,1,1,1,1
825,1975,1,31,0.9,151,1,17,1607,3022,13,19,0,0,1,3
826,1195,1,20,0.8,110,2,14,1652,504,9,12,1,1,0,0
827,1597,1,4,0.5,85,1,19,1145,2130,8,15,1,1,0,2
828,1887,1,17,0.2,126,8,7,1798,3348,18,16,1,1,0,3
829,1811,1,32,1,115,6,0,1132,348,17,18,1,0,1,0
830,1284,1,10,0.9,155,2,14,516,2197,16,9,0,1,1,1
831,1686,1,38,0.1,166,4,4,1453,2958,14,2,0,0,0,3
832,1600,0,16,0.3,94,4,16,1710,2073,9,4,1,1,0,2
833,948,0,22,0.1,173,5,20,1654,3499,11,19,1,1,1,3
834,1560,0,22,0.8,169,7,1,1364,1938,15,16,1,1,1,2
835,1456,0,49,0.2,193,3,20,1427,3624,12,16,1,1,0,3
836,520,0,31,0.8,145,6,14,519,2753,13,17,1,0,1,1
837,843,0,16,0.9,119,7,4,732,1734,17,14,0,0,1,1
838,1940,1,5,0.2,194,4,1,1809,820,19,3,1,1,1,1
839,987,0,20,0.8,192,7,3,565,1454,11,8,1,1,0,0
840,1872,0,17,0.7,89,6,6,1767,724,17,9,1,0,1,1
841,852,1,54,0.4,147,5,7,730,1275,13,12,1,0,1,0
842,1095,1,45,0.5,197,1,5,1247,560,9,10,1,1,0,0
843,1035,1,40,0.2,157,5,15,1912,3548,14,5,0,1,1,3
844,1715,0,12,0.3,94,8,6,1676,1633,15,5,1,1,1,2
845,1450,1,19,0.6,131,1,17,1882,575,15,12,0,0,0,0
846,1876,0,64,1,98,3,19,1211,3132,17,2,1,1,1,3
847,1537,1,43,0.3,137,1,5,1131,3685,18,17,1,1,1,3
848,1735,0,34,0.1,140,2,17,876,2392,17,19,1,0,1,2
849,1961,1,55,0.5,100,7,20,1888,2355,14,6,1,1,1,3
850,1225,0,60,0.1,107,2,15,1567,2423,17,6,1,0,0,2
851,648,0,8,1,91,5,19,1997,2991,8,4,0,0,1,2
852,1766,1,22,0.8,122,8,4,1318,3297,7,16,1,0,0,3
853,1438,1,16,0.6,169,8,7,867,2246,14,15,0,0,0,2
854,1348,0,52,0.3,98,3,20,1942,955,18,7,1,1,1,1
855,514,1,57,0.1,186,3,7,1320,687,6,20,1,1,1,0
856,569,1,41,0.3,124,1,1,605,2651,17,4,0,0,0,1
857,1860,0,55,0.7,83,6,3,799,676,15,4,1,0,1,0
858,1159,0,28,0.2,80,8,18,751,2495,10,9,1,1,1,2
859,502,0,52,1,82,6,8,1159,2666,5,20,1,1,0,2
860,961,1,57,0.6,114,8,3,1434,2782,18,7,1,1,1,2
861,1171,1,19,0.3,167,7,19,755,263,6,8,0,0,0,0
862,1875,1,55,0.7,91,1,17,1942,2712,7,6,1,0,1,3
863,571,1,58,0.6,101,6,11,1536,555,19,11,1,0,1,0
864,651,1,63,0.2,176,5,4,858,2244,14,19,1,1,0,1
865,1450,0,31,0.6,114,5,4,1639,794,11,9,0,1,1,1
866,1568,1,33,1,150,8,20,654,508,5,6,1,1,1,0
867,1820,1,64,0.6,161,1,3,1951,574,10,18,1,1,0,1
868,1449,0,10,0.2,144,1,12,1883,1032,10,8,1,1,1,1
869,903,0,50,0.4,91,1,0,1235,711,9,10,1,1,0,0
870,587,1,6,0.7,170,1,16,1793,2777,9,14,1,1,0,2
871,1083,1,41,0.7,158,5,5,1164,1543,18,10,0,0,1,1
872,871,0,52,0.1,178,3,3,1437,437,14,17,1,0,0,0
873,1076,0,14,0.7,191,5,0,1718,2355,17,2,1,1,1,2
874,825,0,23,0.1,86,2,0,1917,3278,8,2,1,0,1,3
875,1110,0,12,0.3,153,8,5,1950,624,9,15,1,0,0,0
876,1448,1,45,0.8,138,7,11,1724,3378,13,2,1,1,1,3
877,1163,1,2,0.9,133,5,20,1076,1568,14,19,1,0,0,1
878,1093,0,31,0.6,171,2,12,1420,1646,12,6,1,1,0,1
879,851,0,21,0.4,200,5,7,1263,478,12,10,1,0,1,0
880,917,1,31,0.5,88,6,2,909,3424,19,13,1,1,0,3
881,595,0,23,0.1,121,3,17,810,3752,10,18,1,1,0,3
882,1065,0,21,0.1,158,5,3,1722,1193,16,20,1,0,1,1
883,685,0,13,0.8,82,7,15,1203,3210,15,2,1,1,1,3
884,1405,0,8,0.3,107,4,7,1036,2376,19,11,0,1,0,2
885,1948,0,5,0.2,136,1,13,700,361,6,10,0,1,0,0
886,1973,1,46,0.1,193,4,10,851,639,6,3,0,0,1,0
887,1611,0,27,0.9,199,1,10,1011,3078,15,6,1,0,1,2
888,688,1,2,1,89,3,2,869,391,5,8,1,1,1,0
889,1067,1,40,0.6,122,8,15,1989,604,16,11,1,0,0,0
890,819,0,42,0.9,188,6,20,1242,1814,5,13,1,0,1,1
891,1930,1,16,0.8,186,8,12,1920,1783,17,13,0,0,1,2
892,648,1,60,0.1,195,4,4,1811,819,10,4,1,0,0,0
893,689,0,45,0.5,103,5,11,823,3585,10,10,1,0,0,3
894,1889,0,31,1,132,1,10,1106,3672,5,3,1,1,1,3
895,1883,0,24,0.1,87,1,16,915,3563,17,3,0,0,0,3
896,767,0,28,0.7,175,4,10,1517,527,10,15,0,1,0,0
897,1368,0,50,0.2,97,7,18,829,2496,13,5,0,1,1,2
898,1783,1,14,0.6,183,8,11,1566,1816,12,7,0,0,1,2
899,950,1,55,0.1,156,5,10,843,1095,14,13,0,1,0,0
900,502,0,37,0.2,199,2,12,1810,1649,6,14,0,1,0,1
901,1852,0,10,0.7,196,1,18,1163,3970,13,11,1,0,1,3
902,1552,1,13,0.2,123,6,9,1026,2403,9,9,1,1,1,2
903,869,0,2,0.6,197,7,3,533,3249,19,12,0,0,1,2
904,508,1,50,0.7,82,5,9,1195,2175,14,14,0,0,1,1
905,1423,0,44,0.8,131,5,13,640,2253,10,9,0,0,0,1
906,1097,0,64,0.2,161,3,8,1914,1725,14,9,1,0,1,1
907,504,1,14,0.5,189,7,9,1129,1607,15,10,1,1,1,0
908,1604,1,33,1,191,8,5,939,916,13,12,0,1,1,0
909,999,1,27,0.1,167,4,1,745,1344,17,5,1,0,0,0
910,864,0,53,0.3,88,6,1,1436,493,18,10,1,1,0,0
911,633,1,46,0.7,102,6,10,1915,1401,19,11,1,1,0,1
912,1129,1,21,0.6,116,2,10,1702,1400,11,13,1,1,0,1
913,1154,0,5,0.2,98,1,13,1240,1470,12,12,1,0,0,1
914,1584,1,41,0.6,135,4,15,1291,1561,10,17,0,0,1,1
915,1109,1,39,0.4,98,1,9,1787,1524,15,7,1,1,1,1
916,1065,1,14,0.7,89,2,2,928,3078,10,18,1,0,1,2
917,1472,0,20,0.3,169,2,6,892,797,6,11,1,1,0,0
918,1799,0,30,0.6,123,3,9,1386,445,10,10,1,1,0,0
919,1811,1,5,0.6,98,4,16,568,2700,13,8,1,1,1,2
920,1217,1,17,0.5,182,4,13,632,1711,7,9,1,0,1,1
921,752,0,48,0.7,87,7,13,728,3860,7,16,0,0,0,3
922,1278,1,60,0.6,172,7,14,1504,3142,11,19,1,0,1,3
923,1113,0,25,0.3,145,1,10,1312,277,11,12,1,0,1,0
924,584,1,19,0.4,199,4,4,1343,3996,12,17,1,1,1,3
925,880,0,6,0.6,198,4,19,660,3006,6,3,1,0,0,2
926,1452,1,25,0.9,123,6,11,1040,2669,12,13,1,0,0,2
927,1715,1,18,0.1,96,6,3,1375,2598,17,3,1,0,0,3
928,1303,0,15,0.1,138,3,10,1604,2574,12,14,1,1,1,2
929,1195,1,8,0.9,80,6,6,1001,643,14,19,1,0,0,0
930,1483,1,19,0.6,146,7,19,1552,1587,9,19,0,0,0,1
931,1077,0,45,1,174,3,4,1304,1965,6,6,1,1,0,1
932,1572,1,8,0.8,169,5,8,1237,3461,6,10,1,1,1,3
933,966,0,34,0.5,118,2,10,1523,3534,18,11,1,1,1,3
934,1905,0,36,0.4,119,3,20,1542,1287,13,16,1,0,0,1
935,1464,0,17,0.7,153,6,8,1341,1277,13,19,1,0,0,1
936,596,0,64,0.8,111,8,15,1854,3238,16,10,0,0,0,3
937,1583,1,14,0.7,148,7,16,1651,1704,17,2,1,0,1,2
938,1989,0,41,0.8,94,3,13,1497,1665,17,12,1,1,1,2
939,1137,1,7,1,196,3,19,1179,3616,13,12,1,1,1,3
940,874,0,8,0.5,185,1,20,1248,582,6,15,0,0,0,0
941,1330,0,37,0.7,126,7,20,1637,2166,10,4,1,0,0,2
942,1606,0,57,0.1,154,4,4,1924,3454,13,20,0,0,1,3
943,507,1,32,0.5,141,7,11,1398,1702,17,5,1,1,1,1
944,1254,1,44,0.2,149,1,10,1021,3011,7,12,1,1,0,2
945,1646,1,41,0.2,185,2,10,1932,3339,18,19,1,1,0,3
946,1919,0,48,0.8,150,4,6,1191,1391,19,12,1,0,1,1
947,1733,1,36,1,119,6,20,527,3576,17,9,1,0,0,3
948,1320,0,41,0.6,144,7,2,1229,542,11,14,1,1,0,0
949,790,0,11,0.3,87,6,17,730,3169,6,2,1,0,1,2
950,1672,1,44,0.5,172,8,4,1435,1348,11,7,1,1,1,1
951,1394,1,62,0.3,175,5,13,1565,473,11,20,1,1,0,0
952,1720,0,2,0.8,188,5,20,896,2522,10,2,1,0,1,2
953,686,1,3,0.3,91,6,15,1392,570,7,19,0,1,0,0
954,771,1,25,1,86,4,6,922,770,12,20,0,1,0,0
955,1335,1,60,0.8,180,2,4,559,3615,5,9,1,0,0,3
956,1076,1,38,0.7,119,6,8,915,891,18,9,1,1,0,0
957,1426,1,42,0.6,84,3,10,1163,1356,15,16,1,0,1,1
958,514,1,37,0.1,172,1,9,1723,3392,12,5,1,1,1,3
959,1997,1,40,0.5,185,4,8,1212,1655,7,15,1,0,0,2
960,1545,0,35,0.1,173,5,20,1352,3197,14,6,1,0,1,3
961,1356,1,35,0.8,131,1,19,951,3451,5,17,1,1,1,3
962,1992,1,57,1,100,2,15,1596,606,9,4,1,1,1,1
963,1261,0,52,0.3,86,2,9,1429,1365,9,16,1,0,1,1
964,1608,0,28,0.4,183,2,13,1158,489,15,8,0,0,1,0
965,1407,0,16,0.2,170,4,6,1206,1068,6,8,1,1,0,1
966,947,1,51,0.1,144,2,15,887,2915,17,6,1,1,1,2
967,875,0,23,0.1,110,7,7,1316,756,14,6,0,0,0,0
968,1083,1,64,0.8,178,3,11,1118,3210,13,4,1,0,0,3
969,1472,0,36,0.5,130,6,10,1744,985,12,7,1,1,0,1
970,748,0,25,1,110,7,14,709,1974,17,13,0,1,1,1
971,1347,0,56,0.3,95,1,19,1528,2456,13,13,1,1,1,2
972,592,0,52,0.9,103,7,10,970,1507,5,4,0,0,1,0
973,1533,1,17,0.3,160,4,20,1393,2520,8,11,1,0,1,2
974,1836,0,14,0.7,104,5,1,1068,2469,18,7,1,1,1,2
975,1373,1,29,0.9,141,6,12,1348,2752,15,7,1,1,1,3
976,704,0,53,0.2,186,6,6,1013,3653,7,15,1,1,1,2
977,1766,1,29,0.5,194,8,20,1306,2316,19,6,0,0,1,2
978,688,0,57,0.8,131,7,3,1964,3745,17,4,0,1,0,3
979,1076,0,14,0.2,105,5,4,1300,2043,7,14,0,0,0,1
980,1537,0,46,0.8,158,4,17,1305,2857,17,2,1,1,1,3
981,1494,0,47,0.4,129,2,9,1177,3202,13,14,1,0,0,3
982,1956,0,37,0.5,87,3,2,776,1109,13,19,1,1,0,1
983,1095,1,44,0.7,103,4,5,1066,3209,13,8,1,1,1,3
984,920,0,25,0.4,115,7,14,1078,785,10,5,0,1,1,0
985,1911,1,64,0.6,163,8,8,1958,3872,9,11,1,1,0,3
986,721,1,16,0.9,125,1,18,1862,1713,10,4,0,1,1,1
987,528,0,6,0.8,142,2,15,637,3256,9,6,1,1,0,2
988,1441,0,3,0.1,118,8,17,1071,2317,16,7,1,0,1,2
989,1899,1,26,0.1,151,2,0,814,336,13,4,1,0,1,0
990,685,0,29,0.8,93,7,10,648,728,14,4,0,0,1,0
991,1224,1,33,1,157,1,18,563,3796,10,13,1,1,0,3
992,730,1,6,0.9,167,7,10,1155,2812,10,17,0,0,0,2
993,1927,0,11,0.4,190,8,12,1506,2916,16,18,0,1,1,3
994,1760,0,63,0.8,127,8,19,1383,2053,19,16,0,1,0,2
995,1820,1,51,0.9,163,7,10,1884,2481,11,11,0,0,0,2
996,1698,0,26,0.4,105,2,18,1819,1656,5,17,1,0,1,2
997,1160,0,63,0.7,166,3,2,859,595,18,15,1,0,1,0
998,907,0,42,0.2,151,1,16,507,584,11,6,1,0,0,0
999,984,0,9,0.8,140,3,20,707,841,18,16,1,0,0,0
1000,609,1,44,0.3,117,1,16,1253,2581,15,15,1,0,1,1
1001,1510,1,47,0.7,138,2,13,1170,887,18,5,0,0,0,0
1002,1563,0,24,0.2,170,8,0,1699,3660,7,5,1,1,0,3
1003,718,1,30,0.4,93,3,12,997,1601,10,12,1,1,1,1
1004,880,0,50,0.5,194,7,3,1381,827,15,6,1,0,1,0
1005,825,1,52,0.9,130,3,10,863,3534,10,6,0,1,0,3
1006,890,1,44,0.5,198,8,13,1873,751,7,3,0,0,0,0
1007,1048,1,28,0.8,194,2,19,1975,1458,5,15,1,0,1,1
1008,1717,1,62,0.7,130,1,3,810,3226,6,5,0,1,0,3
1009,1000,0,58,1,135,5,12,833,862,7,20,1,0,0,0
1010,1524,0,41,1,96,4,20,740,1936,7,9,1,1,1,1
1011,922,1,47,1,157,8,14,1808,1464,17,12,1,0,1,1
1012,509,1,9,0.1,93,5,15,1224,513,19,12,1,0,0,0
1013,812,0,64,1,106,4,7,1309,3102,6,2,0,0,0,2
1014,1030,1,37,0.7,147,1,8,551,2800,8,12,1,0,1,2
1015,1263,0,64,0.3,175,5,18,1883,1183,14,17,0,0,1,1
1016,1349,1,46,0.9,134,6,12,623,2367,11,10,1,0,1,1
1017,930,1,14,0.4,97,6,10,1025,2457,11,17,1,1,0,1
1018,1793,0,27,0.4,154,5,13,722,1370,16,19,1,0,1,1
1019,1066,0,7,0.9,114,7,18,1571,468,19,6,1,1,0,0
1020,807,0,8,0.3,158,5,20,697,1284,17,2,0,1,1,0
1021,1954,0,7,0.9,126,3,9,690,3438,17,13,1,0,0,3
1022,1569,0,33,0.2,147,1,13,930,3538,18,15,1,0,1,3
1023,667,0,8,0.8,185,1,7,1947,2528,11,8,0,1,0,2
1024,1546,1,6,0.2,101,1,4,1317,3521,15,9,1,0,0,3
1025,805,1,64,0.1,97,4,14,704,418,11,17,0,1,1,0
1026,662,0,20,0.8,138,1,10,1224,2125,17,15,0,1,1,1
1027,1981,1,45,0.3,175,6,18,1234,1380,10,13,0,1,0,1
1028,1823,0,10,0.6,81,8,19,1250,1812,5,19,1,1,1,2
1029,742,0,56,0.2,190,7,14,1359,3557,16,12,0,1,1,3
1030,1783,0,42,0.7,104,6,8,1979,387,14,3,0,1,0,1
1031,1035,1,11,1,173,6,10,1709,2002,17,5,1,1,0,1
1032,1776,0,20,0.9,82,6,16,1803,2671,15,12,0,1,1,3
1033,1936,1,34,0.2,182,7,14,1089,1671,6,9,1,0,1,1
1034,1197,0,20,0.5,149,6,7,1629,1797,19,4,1,1,1,1
1035,568,0,36,0.3,179,3,4,1703,950,17,9,1,0,0,0
1036,1469,0,8,0.7,123,7,0,1133,1052,8,3,0,1,0,0
1037,712,0,27,0.5,86,2,11,1309,2001,11,12,1,1,1,1
1038,775,1,10,0.1,185,7,14,1555,1719,19,18,1,1,1,1
1039,1714,0,31,0.4,120,2,10,627,3707,5,19,0,0,1,3
1040,844,0,22,0.9,197,7,2,1995,3154,14,7,1,0,0,3
1041,539,0,24,0.5,86,4,2,967,1326,7,3,1,1,0,0
1042,1462,1,25,0.2,182,7,18,1478,824,15,13,1,0,1,0
1043,704,1,29,0.2,80,1,10,1509,1122,9,10,1,1,1,0
1044,603,1,35,0.7,126,3,16,1057,3703,13,9,0,0,1,3
1045,1467,1,18,0.6,122,5,0,1099,3962,15,5,1,1,1,3
1046,877,0,17,0.1,195,7,0,1985,2004,11,9,1,1,1,1
1047,649,1,19,0.8,190,7,12,1551,739,18,2,1,1,0,0
1048,600,0,22,0.1,145,1,11,1162,3441,19,5,1,0,0,2
1049,832,0,46,0.3,93,6,0,1366,3317,8,19,1,1,0,3
1050,1692,0,46,0.9,139,1,6,1925,1394,16,6,1,1,0,1
1051,1642,1,5,0.4,102,5,2,1889,1333,18,2,0,0,1,2
1052,634,1,41,0.2,192,1,12,1853,3242,18,4,1,0,1,3
1053,1189,1,7,0.5,164,2,20,615,841,13,11,0,1,0,0
1054,1225,1,15,0.1,155,5,0,982,1970,16,15,1,1,0,1
1055,1945,0,21,0.7,113,3,10,895,3015,6,15,0,0,0,3
1056,1681,1,18,0.3,167,1,7,1005,2265,5,20,1,1,1,2
1057,1902,0,13,0.2,155,4,11,877,940,14,15,1,1,0,1
1058,1802,0,10,0.6,101,7,9,590,696,14,3,1,1,0,0
1059,1765,0,11,0.7,87,2,7,1175,3695,6,18,1,0,0,3
1060,948,0,18,0.3,119,4,7,1728,2926,17,9,1,1,1,2
1061,1330,0,52,0.8,84,4,12,1304,3269,19,8,1,1,0,3
1062,1195,0,23,0.1,82,4,9,1100,980,13,17,1,0,0,0
1063,1142,1,2,0.6,114,6,0,769,1747,7,14,0,1,0,1
1064,709,0,13,0.1,81,8,15,1422,467,17,5,1,1,1,0
1065,1910,1,34,0.6,115,2,0,1284,309,8,10,0,0,1,0
1066,570,1,9,0.3,111,7,5,1917,3663,14,14,0,0,0,3
1067,863,0,6,0.7,133,4,13,1799,520,10,18,1,0,1,0
1068,850,1,29,0.5,133,5,19,642,593,19,10,1,0,1,0
1069,1413,1,10,0.2,200,6,6,1606,2867,5,15,0,1,0,2
1070,1436,0,42,0.9,124,8,1,1836,2736,12,19,1,1,0,3
1071,1365,0,31,0.3,125,4,0,970,1300,14,13,1,0,1,0
1072,1604,1,63,0.6,93,5,2,1156,1464,15,20,1,1,0,1
1073,1721,1,33,0.5,128,4,5,1048,707,19,5,1,1,1,0
1074,842,0,7,0.6,188,2,2,756,2549,9,19,0,0,1,1
1075,605,0,9,0.1,142,3,16,1026,392,15,4,1,0,0,0
1076,1174,1,30,1,147,4,20,1244,804,17,16,0,1,1,0
1077,1089,1,2,0.7,145,5,15,1259,2765,13,10,1,0,1,2
1078,1871,1,20,0.1,81,7,14,1682,2144,13,12,1,1,1,2
1079,534,0,16,1,189,5,1,1199,3926,16,20,1,0,0,3
1080,1524,0,57,0.5,124,2,12,635,947,11,16,0,1,1,0
1081,1926,1,50,0.2,179,6,17,1000,3809,17,17,1,1,0,3
1082,1540,0,60,0.8,197,7,12,822,1591,19,2,1,0,1,1
1083,1807,1,16,0.2,125,3,0,1415,2921,8,17,0,1,0,3
1084,1945,0,57,0.3,195,4,1,1753,732,14,14,1,1,0,1
1085,722,0,12,1,93,6,20,1371,2359,13,3,0,0,0,1
1086,645,0,41,1,197,7,10,580,2962,12,4,1,1,1,2
1087,1552,0,53,0.3,180,8,18,658,2606,13,12,1,0,0,2
1088,1763,0,53,0.2,101,4,20,806,2066,12,17,1,1,1,1
1089,867,1,57,0.1,159,4,0,724,2157,8,18,1,0,0,1
1090,691,1,33,0.9,108,4,8,962,424,5,15,1,1,1,0
1091,1778,0,15,0.5,102,3,0,1954,1214,5,14,1,0,0,1
1092,904,1,31,0.8,112,3,11,1014,2814,13,19,1,0,0,2
1093,1564,0,25,0.5,189,6,17,1965,1496,6,7,1,1,1,1
1094,1103,0,29,0.7,111,6,8,1486,1837,8,16,0,1,1,1
1095,1908,0,30,1,111,2,19,1046,2944,19,17,1,0,1,3
1096,1778,0,45,1,132,4,17,516,1624,15,9,1,1,0,1
1097,1339,1,40,0.1,123,2,1,1269,2382,6,7,1,0,1,2
1098,1614,0,55,0.3,188,3,17,1330,3914,17,13,1,0,0,3
1099,1176,1,62,0.5,168,2,10,1455,1534,6,17,1,0,0,1
1100,1312,1,24,0.9,156,6,0,1791,3833,14,17,0,1,0,3
1101,852,0,62,0.7,104,7,13,1159,2253,17,7,1,1,0,1
1102,1551,0,51,0.1,88,5,6,1995,3844,11,4,0,1,0,3
1103,1590,0,21,1,160,5,18,963,1701,11,4,1,0,1,1
1104,1254,0,50,0.7,108,5,6,1013,3959,10,17,1,1,0,3
1105,793,1,43,0.3,124,8,2,1196,1050,11,3,1,1,1,0
1106,1082,0,2,1,101,4,20,724,2177,12,17,0,1,0,1
1107,1973,0,39,0.8,152,4,6,1181,1993,9,5,1,0,0,2
1108,841,1,39,0.1,199,6,13,828,2942,11,16,0,1,1,2
1109,1872,1,16,0.5,80,2,2,1484,2295,15,16,0,0,1,2
1110,1588,1,4,0.3,148,5,20,822,2506,5,11,1,0,0,2
1111,1944,0,59,0.2,132,7,10,1079,769,19,3,1,0,1,0
1112,1893,1,23,0.1,179,8,3,1432,1482,15,17,0,1,0,2
1113,1975,1,16,0.9,128,8,11,655,2998,5,13,1,1,0,2
1114,1281,1,8,0.3,144,4,19,954,1851,8,9,1,1,0,1
1115,1567,0,22,0.8,153,3,19,1326,3991,15,10,1,0,0,3
1116,1853,1,23,0.4,92,1,15,1951,2775,14,17,1,0,0,3
1117,1976,1,45,1,136,4,19,1933,2470,11,3,0,0,0,3
1118,781,0,38,0.4,198,5,7,1674,3508,13,5,0,0,1,3
1119,1747,0,13,0.7,185,6,12,873,3105,7,10,1,0,0,3
1120,1186,1,21,0.4,160,8,4,584,2361,17,7,1,0,0,1
1121,1162,0,50,0.5,104,4,10,866,1404,10,15,1,1,1,1
1122,818,0,23,0.2,192,5,17,1552,2518,19,3,1,1,0,2
1123,986,1,23,0.8,183,8,3,800,2385,16,19,1,0,0,1
1124,1314,1,5,1,87,4,18,512,3411,17,18,1,0,0,3
1125,1417,1,45,0.9,166,4,19,1029,2129,13,12,1,0,1,1
1126,959,1,13,0.4,155,4,16,736,3328,10,10,1,1,1,2
1127,1671,0,61,0.1,129,2,11,848,2336,10,7,1,0,0,2
1128,1054,0,38,0.4,136,6,12,1222,1675,18,14,1,1,1,1
1129,1846,1,19,0.7,159,1,2,773,1333,15,11,0,1,1,1
1130,548,0,56,0.4,146,4,14,1657,562,17,8,1,1,1,0
1131,1352,0,6,0.9,92,6,9,1299,1309,12,14,1,0,0,1
1132,1538,1,13,0.2,121,7,7,986,1494,18,12,1,1,1,1
1133,1703,1,55,0.7,138,5,19,1711,2993,5,20,1,1,1,3
1134,848,1,19,0.8,148,7,18,1029,3359,10,14,1,0,0,2
1135,712,1,9,0.8,172,2,14,1234,3612,13,4,1,0,0,3
1136,1678,1,7,0.5,192,1,14,1763,574,5,19,1,0,0,0
1137,582,0,27,0.2,168,3,10,1420,2437,19,2,1,1,1,2
1138,1283,1,33,1,93,3,15,980,773,17,2,1,1,0,0
1139,1751,0,4,0.6,146,8,9,1952,1155,19,12,0,1,1,1
1140,1350,1,50,0.8,181,8,4,544,2287,15,8,1,1,0,1
1141,1549,1,8,0.4,158,5,7,1514,1998,12,15,1,1,0,2
1142,1138,0,48,0.6,109,3,14,1777,2048,6,18,1,1,1,2
1143,1110,0,41,0.1,152,3,16,1455,2572,16,16,1,0,1,2
1144,1742,1,49,0.8,100,1,9,1469,1947,5,6,1,0,1,2
1145,851,0,54,1,101,2,9,1007,1005,12,14,1,0,1,0
1146,1099,0,61,0.3,146,3,20,1096,1699,17,3,1,1,1,1
1147,856,0,14,0.6,115,1,7,1027,2439,6,12,1,1,1,1
1148,911,1,28,0.5,182,2,2,763,2638,8,13,1,1,1,1
1149,980,1,33,0.9,160,6,0,1758,2268,7,4,1,1,0,2
1150,718,0,59,0.8,113,6,13,1387,1824,11,3,1,1,0,1
1151,909,1,30,0.4,97,3,10,773,594,12,4,1,1,1,0
1152,1615,0,15,0.1,132,4,16,1256,3488,16,3,0,0,1,3
1153,1210,1,57,0.5,111,4,20,1039,1886,16,17,1,0,1,1
1154,1854,0,8,0.1,101,5,5,627,1886,17,20,1,1,0,1
1155,638,0,27,0.5,102,4,17,1383,2735,7,9,1,1,0,2
1156,1501,0,2,0.2,187,1,15,1056,2487,13,16,1,1,1,2
1157,1611,1,3,0.6,98,3,14,714,1595,8,9,1,0,1,1
1158,991,0,12,0.3,158,5,6,1678,2014,11,10,1,0,0,2
1159,1940,1,17,0.7,93,5,7,858,2297,14,8,0,1,0,2
1160,645,0,63,1,174,4,14,584,3615,18,13,1,0,1,2
1161,1966,1,40,0.9,185,8,18,1987,1185,11,20,0,1,0,2
1162,1652,0,40,1,198,7,6,1084,3592,7,6,1,0,0,3
1163,1554,0,47,0.7,185,5,12,1367,509,12,19,1,0,0,0
1164,1504,0,64,0.9,182,1,2,1923,3059,6,10,0,1,0,3
1165,1826,1,49,0.6,172,8,6,1633,1612,17,17,1,1,0,2
1166,787,1,11,0.6,93,1,16,1423,2934,8,14,1,0,1,2
1167,1485,0,32,0.7,84,2,9,1013,2147,19,11,1,1,0,2
1168,1122,0,2,0.6,120,4,14,790,3291,11,13,1,1,1,2
1169,616,0,44,0.8,81,3,17,1618,3366,18,13,1,1,0,3
1170,1602,0,58,0.4,170,1,13,1746,3622,17,17,0,1,1,3
1171,714,1,30,0.3,145,4,2,1527,2302,12,10,0,1,1,1
1172,1600,0,19,0.6,88,6,9,1713,1179,10,18,0,0,1,1
1173,1922,0,42,0.6,153,8,16,1882,3564,12,17,1,0,0,3
1174,1715,0,31,0.5,83,8,17,1615,625,17,13,1,0,0,0
1175,840,0,63,0.8,137,7,19,1081,3486,12,18,1,1,0,3
1176,1108,0,49,0.7,140,5,12,1666,3254,12,16,1,0,0,3
1177,811,1,2,0.3,106,6,13,1429,2111,18,2,1,0,1,1
1178,1832,0,2,0.6,90,7,6,654,2978,18,18,0,0,0,2
1179,797,1,18,0.6,81,8,20,1466,2052,9,14,1,1,1,1
1180,1313,1,9,0.4,105,1,6,1308,3791,11,6,0,1,1,3
1181,742,1,36,0.7,139,3,1,1288,292,8,6,1,1,1,0
1182,1957,0,31,0.6,181,3,16,1732,3801,12,7,1,0,1,3
1183,1657,1,42,0.1,198,5,16,1796,2597,18,14,1,0,0,3
1184,1193,0,26,0.5,166,1,20,1729,536,17,4,1,0,1,0
1185,1329,1,52,0.9,181,6,2,1458,1228,8,6,1,0,1,1
1186,1848,0,12,0.1,178,2,19,533,3915,9,8,0,0,1,3
1187,1358,0,20,0.6,135,7,0,1655,3406,5,11,0,0,1,3
1188,667,1,3,0.7,185,6,13,1463,2855,5,19,1,0,1,2
1189,1630,1,32,0.9,80,6,1,1726,1751,12,20,1,0,1,2
1190,518,0,3,0.1,178,7,1,1947,2832,5,8,1,0,1,2
1191,1261,1,11,0.2,90,4,0,1591,348,14,14,1,0,1,0
1192,1479,1,24,0.1,146,6,0,645,3762,12,5,1,0,0,3
1193,1148,0,58,0.3,170,5,20,688,3127,10,11,1,0,0,2
1194,1923,0,24,1,86,4,4,1264,2479,9,15,1,1,0,2
1195,1503,1,43,0.2,166,4,14,1304,2122,15,2,1,0,0,2
1196,1698,0,18,0.9,160,6,20,994,796,13,14,1,0,1,0
1197,1456,0,39,0.1,80,8,10,1666,3998,6,13,1,1,0,3
1198,993,1,16,0.4,106,7,13,1639,1113,14,6,0,0,1,0
1199,1883,1,10,0.3,146,6,13,1739,2600,16,20,1,0,0,3
1200,1200,0,23,0.5,187,2,9,1334,3458,7,11,1,0,1,2
